source,adfontes_bias_score,source_info,adfontes_url,adfontes_bias_label,adfontes_reliability_label,adfontes_reliability_score,Aliases,url,mbfc_url,Ground_news_url,AllSides_URL,mbfc_bias_rating,mbfc_factual_reporting,mfbc_country,mbfc_freedom_rating,mbfc_media_type,mbfc_traffic_pop,mfbc_credibility,allsides_bias_rating,allsides_owner,allsides_established,allsides_bias_rating_number,ground_news_bias_label,ground_news_factuality,Has_rating,Country,article_count,bias_canonical,Label,Designation
The Guardian,-8.12,Ad Fontes Media,https://adfontesmedia.com/the-guardian-bias-and-reliability/,Skews Left,Reliable,40.17,"the guardian, The Guardian UK, guardian.co.uk, theguardian.com, Guardian",https://www.theguardian.com  ,https://mediabiasfactcheck.com/the-guardian/,https://ground.news/interest/guardian,https://www.allsides.com/news-source/the-guardian-media-bias,LEFT-CENTER (-3.6),MIXED (5.9),United Kingdom,MOSTLY FREE,Newspaper,High Traffic,MEDIUM CREDIBILITY,,,,,Center,,Yes,United Kingdom,56,Center,,
Al Jazeera English,-7.26,Ad Fontes Media,https://adfontesmedia.com/al-jazeera-bias-and-reliability/,Skews Left,Reliable,41.29,"al jazeera english, Al Jazeera, AlJazeera.com, Al Jazeera International  ",https://www.aljazeera.com  ,not found,https://ground.news/interest/al-jazeera_1a2e2c,https://www.allsides.com/news-source/al-jazeera-media-bias,LEFT-CENTER (-3.2),MIXED (4.7),,,,,MEDIUM CREDIBILITY,Lean Left,Al Jazeera Media Network,1996,-2.3,Lean Left,High,Yes,UK,51,Lean Left,A,"Lean Left, medium mbfc credibility, mixed mbfc factuality"
BBC News,-1.35,Ad Fontes Media,https://adfontesmedia.com/bbc-bias-and-reliability/,Left,Reliable,44.7,"bbc news, BBC, British Broadcasting Corporation, bbc.com, bbc.co.uk, bbcnews, bbc",https://www.bbc.com/news  ,https://mediabiasfactcheck.com/bbc/,https://ground.news/interest/bbc-news_bf95f4,https://www.allsides.com/news-source/bbc-news-media-bias,LEFT-CENTER (-2.0),HIGH (0.8),United Kingdom,MOSTLY FREE,TV Station,High Traffic,HIGH CREDIBILITY,Center,British Public,1922,-0.8,Center,Very High,Yes,United Kingdom,38,Center,,
aa_tr,,,not found,,,,"aa_tr, Anadolu Agency, Anadolu AjansÃÂµ, aa.com.tr, Anadolu Turkish, AA, Anadolu Agency (AA)",https://www.aa.com.tr/en  ,not found,https://ground.news/interest/anadolu-ajans,not found,,,,,,,,,,,,Right,Mixed,Yes,Turkey,1,Right,,
ABC News,-3.01,Ad Fontes Media,https://adfontesmedia.com/abc-news-bias-and-reliability/,Left,Reliable,44.71,"abc news, ABC News, abcnews.com, ABC, abcnews  ",https://abcnews.go.com  ,https://mediabiasfactcheck.com/abc-news/,https://ground.news/interest/abc-news_409efb,https://www.allsides.com/news-source/abc-news-media-bias,LEFT-CENTER (-3.3),HIGH (1.1),USA,,TV Station,High Traffic,HIGH CREDIBILITY,Lean Left,The Walt Disney Company,1945,-1.42,Lean Left,Very High,Yes,USA,36,Lean Left,,
abplive,,,not found,,,,"abplive, ABP Live, ABP News, abplive.com, abp, abp live  ",https://www.abplive.com  ,not found,,not found,,,,,,,,,,,,,,No,India,1,,,
afghanislamicpress,,,not found,,,,"afghanislamicpress, Afghan Islamic Press, AIP, afghanislamicpress.com, afghanistan islamic press  ",https://afghanislamicpress.com  ,not found,,not found,,,,,,,,,,,,,,No,Afghanistan,2,,,
NPR,-4.26,Ad Fontes Media,https://adfontesmedia.com/npr-bias-and-reliability/,Left,Reliable,43.09,"NPR, National Public Radio, npr.org  ",https://www.npr.org  ,https://mediabiasfactcheck.com/npr/,,https://www.allsides.com/news-source/npr-media-bias,LEFT-CENTER (-2.8),HIGH (0.9),USA,,Radio Station,High Traffic,HIGH CREDIBILITY,Lean Left,"National Public Radio, Inc.",1971,-1.88,,,Yes,USA,34,Lean Left,,
Yahoo Entertainment,-5.69,Ad Fontes Media,https://adfontesmedia.com/yahoo-news-bias-and-reliability/,Skews Left,Skews Left,40.05,"yahoo entertainment, Yahoo Entertainment, Yahoo! Entertainment, entertainment.yahoo.com, yahoo, yahoonews, yahoo news",https://www.yahoo.com/entertainment  ,https://mediabiasfactcheck.com/yahoo-news/,https://ground.news/interest/yahoonet,https://www.allsides.com/news-source/yahoo-news-media-bias,LEFT-CENTER (-3.3),HIGH (1.9),USA,MOSTLY FREE,Website,High Traffic,HIGH CREDIBILITY,Lean Left,Verizon Communications,,-1.55,Unknown,Unknown,Yes,USA,34,Lean Left,,
allafrica,,,not found,,,,"allafrica, AllAfrica, allafrica.com, All Africa  ",https://allafrica.com  ,https://mediabiasfactcheck.com/allafrica/,https://ground.news/interest/allafrica,not found,LEAST BIASED,HIGH,South Africa,,Website,Medium Traffic,HIGH CREDIBILITY,,,,,Center,High,Yes,South Africa,1,Center,,
Sky News,-0.78,Ad Fontes Media,https://adfontesmedia.com/sky-news-bias-and-reliability/,Left,Reliable,41.79,"sky news, SkyNews, Sky News UK, sky.com/news, sky.com",https://news.sky.com  ,,https://ground.news/interest/sky-news,https://www.allsides.com/news-source/sky-news-media-bias,,,,,,,,Lean Left,,,,Center,High,Yes,UK,33,Center,,
Breitbart,13.55,Ad Fontes Media,https://adfontesmedia.com/breitbart-bias-and-reliability/,Right,Mixed,31.01,"breitbart, Breitbart News, Breitbart News Network, breitbart.com  ",https://www.breitbart.com  ,https://mediabiasfactcheck.com/breitbart/,https://ground.news/interest/breitbart,https://www.allsides.com/news-source/breitbart,RIGHT (8.1),MIXED (6.4),USA,,Website,High Traffic,LOW CREDIBILITY,Right,Breitbart News Network LLC,2007,6,Right,Mixed,Yes,USA,26,Right,E,
CBS News,-3.03,Ad Fontes Media,https://adfontesmedia.com/cbs-bias-and-reliability/,Left,Reliable,41.88,"cbs news, CBS, CBS News, cbsnews.com, cbsnews",https://www.cbsnews.com,https://mediabiasfactcheck.com/cbs-news/,https://ground.news/interest/cbs-news,https://www.allsides.com/news-source/cbs-news-media-bias,LEFT-CENTER (-3.3),HIGH (1.0),USA,MOSTLY FREE,TV Station,High Traffic,HIGH CREDIBILITY,Lean Left,CBS Corporation,1927,-1.5,Lean Left,High,Yes,USA,24,Lean Left,,
ara,,,not found,,,,"ara, Ara.cat, Ara (Catalonia)  ",https://www.ara.cat  ,not found,https://ground.news/interest/aracat,not found,,,,,,,,,,,,Unknown,Unknown,Yes,Spain,1,,,
assamtribune,,,not found,,,,"assamtribune, The Assam Tribune, Assam Tribune, assamtribune.com  ",https://assamtribune.com  ,not found,https://ground.news/interest/the-assam-tribune-beta-version,not found,,,,,,,,,,,,Unknown,Unknown,Yes,India,1,,,
Birmingham Live,,,not found,,,,"birmingham live, Birmingham Mail, birminghamlive.co.uk, Birminghamlive, birminghamlive",https://www.birminghammail.co.uk  ,https://mediabiasfactcheck.com/birmingham-mail/,https://ground.news/interest/birmingham-mail,not found,LEFT-CENTER (-4.6),MOSTLY FACTUAL (3.4),United Kingdom,0,Newspaper,HighÂ Traffic,HIGH CREDIBILITY,,,,,Center,High,Yes,United Kingdom,16,Center,,
bbs,,,not found,,,,"bbs, Bhutan Broadcasting Service, BBS Bhutan, bbs.bt, Bhutan Broadcasting Service (BBS)",https://www.bbs.bt  ,not found,,not found,,,,,,,,,,,,,,No,Bhutan,1,,,
Business Insider,-4.05,Ad Fontes Media,https://adfontesmedia.com/insider-bias-and-reliability/,Left,Reliable,40.61,"business insider, Business Insider, Insider, businessinsider.com, insider.com  ",https://www.businessinsider.com,https://mediabiasfactcheck.com/business-insider/,https://ground.news/interest/business-insider,https://www.allsides.com/news-source/insider-media-bias,LEFT-CENTER (-3.3),MOSTLY FACTUAL (2.3),USA,MOSTLY FREE,Website,High Traffic,HIGH CREDIBILITY,Lean Left,Axel Springer SE,2007,-1.46,Lean Left,High,Yes,USA,16,Lean Left,,
The Associated Press,-2.46,Ad Fontes Media,https://adfontesmedia.com/ap-bias-and-reliability/,Left,Reliable,44.81,"the associated press, Associated Press, AP, apnews.com, ap, ap news, associated press",https://apnews.com  ,https://mediabiasfactcheck.com/associated-press-apnews/,https://ground.news/interest/ap,https://www.allsides.com/news-source/associated-press-media-bias,,,,,,,,Left,Cooperatively owned,1846,-3.02,,,Yes,USA,13,Left,,
blayneychronicle,,,not found,,,,"blayneychronicle, The Blayney Chronicle, blayneychronicle.com.au, Blayney Chronicle  ",https://www.blayneychronicle.com.au  ,https://mediabiasfactcheck.com/blayney-chronicle-bias/,,not found,LEFT-CENTER (-3.5),HIGH (1.0),Australia,0,Newspaper,Minimal Traffic,HIGH CREDIBILITY,,,,,,,Yes,Australia,1,Lean Left,,
bluemountainsgazette,,,not found,,,,"bluemountainsgazette, Blue Mountains Gazette, bluemountainsgazette.com.au  ",https://www.bluemountainsgazette.com.au  ,not found,,not found,,,,,,,,,,,,,,No,Australia,1,,,
bordermail,,,not found,,,,"bordermail, The Border Mail, Border Mail, bordermail.com.au, Border mail  ",https://www.bordermail.com.au  ,https://mediabiasfactcheck.com/the-border-mail-bias/,,not found,LEFT-CENTER,HIGH,Australia,0,Newspaper,Medium Traffic,HIGH CREDIBILITY,,,,,,,Yes,Australia,1,Lean Left,,
Gizmodo,,,not found,,,,"Gizmodo, Gizmodo.com, gizmodo.com  ",https://gizmodo.com  ,,https://ground.news/interest/gizmodo,https://www.allsides.com/news-source/gizmodo,LEAST BIASED (-1.6),HIGH (1.0),USA,,Newspaper,Medium Traffic,HIGH CREDIBILITY,Lean Left,Univision Communications,2002,-2,Lean Left,High,Yes,USA,11,Lean Left,,
CNN,-6.23,Ad Fontes Media,https://adfontesmedia.com/cnn-bias-and-reliability/,Skews Left,Reliable,42.09,"cnn, CNN, Cable News Network, cnn.com  ",https://www.cnn.com,https://mediabiasfactcheck.com/cnn/,https://ground.news/interest/cnn,https://www.allsides.com/news-source/cnn-media-bias,LEFT-CENTER (-3.6),MOSTLY FACTUAL (3.7),USA,,TV Station/Website,High Traffic,MEDIUM CREDIBILITY,Lean Left,Turner Broadcasting System,1980,-1.3,Lean Left,Very High,Yes,USA,10,Lean Left,,
braidwoodtimes,,,not found,,,,"braidwoodtimes, Braidwood Times  ",https://www.braidwoodtimes.com.au  ,,,not found,LEFT-CENTER,MIXED,China,TOTAL OPPRESSION,TV Station,High Traffic,LOW CREDIBILITY,,,,,,,Yes,China,1,Lean Left,,
UPI News,-1.15,Ad Fontes Media,https://adfontesmedia.com/upi-bias-and-reliability/,Left,Reliable,45.3,"upi news, United Press International, UPI, upi.com",https://www.upi.com  ,https://mediabiasfactcheck.com/united-press-international-upi/,https://ground.news/interest/upi_0b956e,https://www.allsides.com/news-source/united-press-international-media-bias,LEAST BIASED (1.6),HIGH (1.0),USA,MOSTLY FREE,News Agency,Medium Traffic,HIGH CREDIBILITY,Center,,,,Center,Very High,Yes,USA,8,Center,,
brisbanetimes,,,not found,,,,"brisbanetimes, Brisbane Times, brisbanetimes.com.au  ",https://www.brisbanetimes.com.au  ,not found,https://ground.news/interest/brisbane-times,not found,,,,,,,,,,,,Unknown,Unknown,Yes,Australia,1,,,
buffalonews,,,not found,,,,"buffalonews, Buffalo News, buffalonews.com, The Buffalo News",https://buffalonews.com  ,,,https://www.allsides.com/news-source/buffalo-news-media-bias,LEAST BIASED (0.3),HIGH (1.0),Singapore,,TV Station,High Traffic,HIGH CREDIBILITY,Center,,,,,,Yes,Singapore,1,Center,,
The Verge,-7.27,Ad Fontes Media,https://adfontesmedia.com/the-verge-bias-and-reliability/,Skews Left,Reliable,38.1,"the verge, Verge, theverge.com  ",https://www.theverge.com  ,https://mediabiasfactcheck.com/the-verge/,https://ground.news/interest/the-verge,https://www.allsides.com/news-source/verge-media-bias,LEFT-CENTER (-2.8),HIGH (1.1),USA,MOSTLY FREE,Website,High Traffic,HIGH CREDIBILITY,,,,,Lean Left,High,Yes,USA,8,Lean Left,,
WDIV ClickOnDetroit,,,not found,,,,"wdiv clickondetroit, WDIV, ClickOnDetroit, Local 4 News Detroit, clickondetroit.com  ",https://www.clickondetroit.com  ,https://mediabiasfactcheck.com/wdiv-clickondetroit/,https://ground.news/interest/click-on-detroit,https://www.allsides.com/news-source/wdiv-4-media-bias,LEAST BIASED (-0.6),HIGH (1.0),USA,,TV Station,High Traffic,HIGH CREDIBILITY,Center,,,,Center,Very High,Yes,USA,7,Center,,
businessday,,,not found,,,,"businessday, Business Day, businessday.ng, businessday.com.ng  ",https://www.businessday.ng,not found,https://ground.news/interest/businessday-ng,not found,,,,,,,,,,,,Lean Right,Mixed,Yes,Nigeria,1,Lean Right,,
businesstoday,,,not found,,,,"businesstoday, Business Today, businesstoday.in, Business Today (India)",https://www.businesstoday.in,,https://ground.news/interest/business-today,not found,LEAST BIASED,HIGH,Canada,,TV Station,High Traffic,HIGH CREDIBILITY,,,,,Unknown,Unknown,Yes,Canada,2,Center,,
cbc news,-5.05,Ad Fontes Media,https://adfontesmedia.com/cbc-bias-and-reliability/,Middle,Middle,44.41,"cbc news, Canadian Broadcasting Corporation, CBC, cbc.ca, cbc.ca/news, cbc news canada",https://www.cbc.ca/news,https://mediabiasfactcheck.com/cbc-news-canadian-broadcasting/,https://ground.news/interest/cbc-news,https://www.allsides.com/news-source/cbc-news-media-bias,LEFT-CENTER (-3.3),HIGH (1.0),Canada,,TV Station,High Traffic,HIGH CREDIBILITY,Lean Left,Canadian Public,,-2,Lean Left,Very High,Yes,Canada,1,Lean Left,,
Los Angeles Times,-6.26,Ad Fontes Media,https://adfontesmedia.com/la-times-bias-and-reliability/,Skews Left,Reliable,42.77,"los angeles times, LA Times, latimes, latimes.com  ",https://www.latimes.com  ,https://mediabiasfactcheck.com/la-times/,https://ground.news/interest/los-angeles-times,https://www.allsides.com/news-source/los-angeles-times-media-bias,LEAST BIASED (1.5),HIGH (1.0),USA,,Newspaper,High Traffic,HIGH CREDIBILITY,,,,,Lean Left,Very High,Yes,USA,7,Lean Left,,
cgtn,,,not found,,,,"cgtn, CGTN, China Global Television Network, cgtn.com, chinaglobaltelevisionnetwork  ",https://www.cgtn.com,https://mediabiasfactcheck.com/china-global-television-network-cgtn/,,not found,LEFT-CENTER,MIXED,China,TOTAL OPPRESSION,TV Station,High Traffic,LOWÂ CREDIBILITY,,,,,,,Yes,China,1,Lean Left,,
channelstv,,,not found,,,,"channelstv, ChannelsTV, Channels Television, channelstv.com, channelstelevision",https://www.channelstv.com,not found,,not found,,,,,,,,,,,,,,No,Nigeria,1,,,
The Independent,-6.88,Ad Fontes Media,https://adfontesmedia.com/independent-bias-and-reliability/,Skews Left,Reliable,38.49,"the independent, The Independent UK, independent.co.uk  ",https://www.independent.co.uk  ,https://mediabiasfactcheck.com/the-independent/,https://ground.news/interest/the-independent,https://www.allsides.com/news-source/independent-media-bias,LEFT-CENTER (-3.6),MIXED (5.8),United Kingdom,MOSTLY FREE,Newspaper,High Traffic,MEDIUM CREDIBILITY,Lean Left,,,-2,Unknown,Unknown,Yes,United Kingdom,7,Lean Left,A,"Lean Left, medium mbfc credibility, mixed mbfc factuality"
CNA,,,not found,,,,"cna, CNA, Channel News Asia, channelnewsasia.com, CNA (Channel NewsAsia)",https://www.channelnewsasia.com,https://mediabiasfactcheck.com/channel-news-asia-cna/,https://ground.news/interest/channel-news-asia,not found,LEAST BIASED (0.3),HIGH (1.0),Singapore,,TV Station,High Traffic,HIGH CREDIBILITY,,,,,Center,Very High,Yes,Singapore,1,Center,,
Cnbc,-1.81,Ad Fontes Media,https://adfontesmedia.com/cnbc/,Left,Reliable,43.76,"cnbc, CNBC, Consumer News and Business Channel, cnbc.com  ",https://www.cnbc.com,,,https://www.allsides.com/news-source/cnbc,LEFT-CENTER,MIXED,India,,Newspaper,High Traffic,MEDIUM CREDIBILITY,Lean Left,Comcast,1989,-1.22,,,Yes,India,1,Lean Left,,
Washington Examiner,11.26,Ad Fontes Media,https://adfontesmedia.com/washington-examiner-bias-and-reliability/,Skews Right,Reliable,34.02,"washington examiner, The Washington Examiner, Washington Examiner, washingtonexaminer.com  ",https://www.washingtonexaminer.com  ,https://mediabiasfactcheck.com/washington-examiner/,https://ground.news/interest/washington-examiner,https://www.allsides.com/news-source/washington-examiner,RIGHT-CENTER (3.8),MOSTLY FACTUAL (2.2),USA,,Magazine,High Traffic,HIGH CREDIBILITY,Lean Right,Clarity Media Group,2005,2.3,Lean Right,High,Yes,USA,7,Lean Right,,
Evening Standard,,,not found,,,,"Evening Standard, The Evening Standard, London Evening Standard, standard.co.uk",https://www.standard.co.uk  ,https://mediabiasfactcheck.com/london-evening-standard/,https://ground.news/interest/evening-standard,https://www.allsides.com/news-source/london-evening-standard-media-bias,RIGHT-CENTER (3.9),MOSTLY FACTUAL (2.4),United Kingdom,MOSTLY FREE,Newspaper,High Traffic,HIGH CREDIBILITY,Center,,,,Center,Very High,Yes,United Kingdom,6,Center,,
NBC News,-5.61,Ad Fontes Media,https://adfontesmedia.com/nbc-bias-and-reliability/,Left,Reliable,42.76,"nbc news, NBC, nbcnews.com  ",https://www.nbcnews.com  ,https://mediabiasfactcheck.com/nbc-news/,,https://www.allsides.com/news-source/nbc-news-media-bias,LEFT-CENTER (-3.6),HIGH (1.0),USA,MOSTLY FREE,TV Station,High Traffic,HIGH CREDIBILITY,Lean Left,Comcast,1940,-1.8,,,Yes,USA,6,Lean Left,,
9to5Mac,,,not found,,,,"9to5mac, 9to5Mac.com, 9to5Mac",https://9to5mac.com  ,not found,https://ground.news/interest/9-to-5-mac,https://www.allsides.com/news-source/9to5mac-media-bias,,,,,,,,,,,,Center,High,Yes,USA,1,Center,,
9to5Toys,,,not found,,,,"9to5toys, 9to5Toys.com, 9to5Toys",https://9to5toys.com  ,not found,https://ground.news/interest/9to5toys,not found,,,,,,,,,,,,Center,High,Yes,USA,1,Center,,
cp24,,,not found,,,,"CP24, CP24 Toronto, CP24.com, CablePulse24, CP24 News",https://www.cp24.com,https://mediabiasfactcheck.com/cp24/,,not found,LEAST BIASED (1.5),HIGH (1.0),USA,MOSTLY FREE,Newspaper,Medium Traffic,HIGH CREDIBILITY,,,,,,,Yes,USA,1,Center,,
Cracked.com,,,not found,,,,Cracked,https://www.cracked.com,not found,https://ground.news/interest/crackedcom,https://www.allsides.com/news-source/cracked,,,,,,,,Not Rated,,,,Center,High,Yes,USA,1,Center,,
delcotimes,,,not found,,,,"Delco Times, delcotimes.com",https://www.delcotimes.com  ,,https://ground.news/interest/the-delaware-county-daily-times,https://www.allsides.com/news-source/delaware-county-daily-times,LEAST BIASED,HIGH,USA,0,Newspaper,Medium Traffic,HIGH CREDIBILITY,Lean Left,21st Century Media,1876,-2,Center,High,Yes,USA,1,Center,,
dothaneagle,,,not found,,,,"Dothan Eagle, dothaneagle.com",https://dothaneagle.com  ,https://mediabiasfactcheck.com/dothan-eagle-bias/,https://ground.news/interest/dothan-eagle,not found,LEAST BIASED (1.5),HIGH (1.0),USA,MOSTLY FREE,Newspaper,Medium Traffic,HIGH CREDIBILITY,,,,,Center,High,Yes,USA,1,Center,,
Dpa-international.com,,,not found,,,,"DPA International, Deutsche Presse-Agentur, dpa-international.com",https://www.dpa-international.com,not found,https://ground.news/interest/dpa-international,not found,,,,,,,,,,,,Center,High,Yes,USA,1,Center,,
Daily Mail,4.59,Ad Fontes Media,https://adfontesmedia.com/daily-mail-bias-and-reliability/,Left,Mixed,30.8,"Daily Mail, The Daily Mail, Daily Mail Online, dailymail.co.uk, dailymailuk",https://www.dailymail.co.uk,,https://ground.news/interest/mail-online,,LEFT-CENTER (-2.5),HIGH (0.9),Germany,MOSTLY FREE,TV Station,High Traffic,HIGH CREDIBILITY,,,,,Unknown,Unknown,Yes,Germany,5,,,
Essentially Sports,,,not found,,,,"EssentiallySports, essentiallysports.com, Essentially Sports",https://www.essentiallysports.com  ,not found,https://ground.news/interest/essentially-sports,not found,,,,,,,,,,,,Center,Mixed,Yes,USA,1,Center,,
globegazette,,,not found,,,,"Globe Gazette, globegazette.com  ",https://globegazette.com,,,https://www.allsides.com/news-source/globe-gazette,LEAST BIASED,HIGH,USA,,Newspaper,Medium Traffic,HIGH CREDIBILITY,Not Rated,,,,,,Yes,USA,1,Center,,
dailynigerian,,,not found,,,,"Daily Nigerian, dailynigerian.com, Daily Nigerian",https://dailynigerian.com,,,not found,LEFT-CENTER (-2.5),HIGH (1.0),Spain,,Newspaper,High Traffic,HIGH CREDIBILITY,,,,,,,Yes,Spain,1,Lean Left,,
dailytimes_pk,,,not found,,,,"Daily Times Pakistan, dailytimes.pk, Daily Times (Pakistan)",https://dailytimes.com.pk,not found,https://ground.news/interest/daily-times-pakistan,not found,,,,,,,,,,,,Unknown,Unknown,Yes,Pakistan,1,,,
Independent,-6.88,Ad Fontes Media,https://adfontesmedia.com/independent-bias-and-reliability/,Skews Left,Reliable,38.49,"Independent, The Independent, independent.co.uk, independentuk  ",https://www.independent.co.uk,,,https://www.allsides.com/news-source/independent-media-bias,LEAST BIASED (1.5),HIGH (1.0),United Kingdom,,Newspaper,High Traffic,HIGH CREDIBILITY,Lean Left,,,-2,,,Yes,United Kingdom,1,Center,,
deccanherald,,,not found,,,,"Deccan Herald, deccanherald.com",https://www.deccanherald.com  ,https://mediabiasfactcheck.com/deccan-herald/,https://ground.news/interest/deccan-herald,not found,LEFT-CENTER,MIXED,India,0,Newspaper,High Traffic,MEDIUM CREDIBILITY,,,,,Lean Left,Mixed,Yes,India,1,Lean Left,,
defenseworld,,,not found,,,,"Defense World, defenseworld.net",https://www.defenseworld.net  ,,,not found,LEFT-CENTER,MOSTLY FACTUAL,Spain,MOSTLY FREE,Newspaper,Medium Traffic,HIGH CREDIBILITY,,,,,,,Yes,Spain,3,Lean Left,,
journalstar,,,not found,,,,"Journal Star, journalstar.com, Lincoln Journal Star",https://journalstar.com  ,https://mediabiasfactcheck.com/lincoln-journal-star/,https://ground.news/interest/lincoln-journal-star,https://www.allsides.com/news-source/lincoln-journal-star-media-bias,LEAST BIASED,HIGH,USA,,Newspaper,Medium Traffic,HIGH CREDIBILITY,Not Rated,Lee Enterprises,1902,,Center,High,Yes,USA,1,Center,,
MacRumors,,,not found,,,,"macrumors, macrumors.com  ",https://www.macrumors.com  ,not found,https://ground.news/interest/macrumors,https://www.allsides.com/news-source/macrumors-media-bias,,,,,,,,,,,,Center,High,Yes,USA,1,Center,,
Naples Daily News,,,not found,,,,"naples daily news, naplesnews.com  ",https://naplesnews.com  ,https://mediabiasfactcheck.com/naples-daily-news/,https://ground.news/interest/naples-daily-news,https://www.allsides.com/news-source/naples-daily-news-media-bias,LEFT-CENTER,HIGH,USA,,Newspaper,Medium Traffic,HIGH CREDIBILITY,Center,,,,Center,Very High,Yes,USA,1,Center,,
National Institutes of Health,,,not found,,,,"national institutes of health, NIH  ",https://www.nih.gov  ,https://mediabiasfactcheck.com/national-institutes-of-health-nih/,,https://www.allsides.com/news-source/national-institutes-health-media-bias-0,PRO-SCIENCE (-0.5),HIGH (0.5),USA,,Organization/Foundation,High Traffic,HIGH CREDIBILITY,Not Rated,,,,,,Yes,USA,1,Center,,
New Atlas,,,not found,,,,"new atlas, Gizmag, newatlas.com  ",https://www.newatlas.com  ,https://mediabiasfactcheck.com/new-atlas/,https://ground.news/interest/new-atlas,not found,PRO-SCIENCE (-0.5),HIGH (0.7),United Kingdom,MOSTLY FREE,Website,High Traffic,HIGH CREDIBILITY,,,,,Unknown,High,Yes,United Kingdom,1,Center,,
New Scientist,,,not found,,,,"new scientist, newscientist.com  ",https://www.newscientist.com  ,https://mediabiasfactcheck.com/new-scientist/,,not found,PRO-SCIENCE (-0.5),HIGH (0.5),United Kingdom,,Magazine,High Traffic,HIGH CREDIBILITY,,,,,,,Yes,United Kingdom,1,Center,,
dtnext,,,not found,,,,"DT Next, dtnext.in",https://www.dtnext.in,not found,https://ground.news/interest/dtnextin,not found,,,,,,,,,,,,Left,,Yes,India,2,Left,,
dublinnews,,,not found,,,,Dublin News,https://www.breakingnews.ie/dublin-news/,not found,,not found,,,,,,,,,,,,,,No,Ireland,1,,,
nme,,,not found,,,,"New Musical Express, NME, nme.com  ",https://www.nme.com  ,https://mediabiasfactcheck.com/nme/,https://ground.news/interest/nme,not found,,,,,,,,,,,,Center,High,Yes,UK,1,Center,,
DW (English),,,not found,,,,"Deutsche Welle, DW, DW English, dw.com",https://www.dw.com/en,https://mediabiasfactcheck.com/dw-news/,,https://www.allsides.com/news-source/deutsche-welle-media-bias,LEFT-CENTER (-3.9),MIXED (4.9),Philippines,MOSTLY FREE,TV Station,High Traffic,MEDIUM CREDIBILITY,Center,,,,,,Yes,Philippines,1,Lean Left,,
egyptindependent,,,not found,,,,"Egypt Independent, egyptindependent.com",https://www.egyptindependent.com,not found,https://ground.news/interest/egypt-independent,,,,,,,,,,,,,Unknown,Unknown,Yes,Egypt,1,,,
ekathimerini,,,not found,,,,"Kathimerini English Edition, ekathimerini.com, Kathimerini (English Edition)",https://www.ekathimerini.com,https://mediabiasfactcheck.com/kathimerini-bias/,https://ground.news/interest/ekathimerinicom,not found,RIGHT-CENTER,MOSTLY FACTUAL,Greece,,Newspaper,High Traffic,HIGH CREDIBILITY,,,,,Unknown,Unknown,Yes,Greece,1,Lean Right,,
Nottinghamshire Live,,,not found,,,,"Nottingham Post, Nottinghamshire Live, nottinghampost.com  ",https://www.nottinghampost.com,,https://ground.news/interest/nottingham-post,,RIGHT (6.4),MIXED (4.9),United Kingdom,MOSTLY FREE,Newspaper,High Traffic,MEDIUM CREDIBILITY,,,,,Center,High,Yes,United Kingdom,1,Center,,
Popular Science,,,not found,,,,"popular science, PopSci, popsci.com  ",https://www.popsci.com  ,https://mediabiasfactcheck.com/popular-science/,,not found,PRO-SCIENCE,HIGH,United States,,Magazine,High Traffic,HIGH CREDIBILITY,,,,,,,Yes,United States,1,Center,,
pottsmerc,,,not found,,,,"pottsmerc, The Mercury, Pottstown Mercury  ",https://www.pottsmerc.com  ,https://mediabiasfactcheck.com/pottstown-mercury-bias/,https://ground.news/interest/the-pottstown-mercury,not found,LEAST BIASED,HIGH,USA,0,Newspaper,Minimal Traffic,HIGH CREDIBILITY,,,,,Center,High,Yes,USA,1,Center,,
rdrnews,,,not found,,,,"rdrnews, Roswell Daily Record, The Roswell Daily Record",https://www.rdrnews.com  ,,https://ground.news/interest/rdrnewscom,not found,LEAST BIASED (0.6),HIGH (1.0),USA,,Newspaper,Medium Traffic,HIGH CREDIBILITY,,,,,Center,Very High,Yes,USA,1,Center,,
roanoke,,,not found,,,,"roanoke, The Roanoke Times, roanoke.com  ",https://roanoke.com  ,https://mediabiasfactcheck.com/the-roanoke-times/,https://ground.news/interest/roanoke-times,https://www.allsides.com/news-source/roanoke-times-media-bias,,,,,,,,Center,,,,Center,Very High,Yes,USA,1,Center,,
euroweeklynews,,,not found,,,,"Euro Weekly News, euroweeklynews.com",https://www.euroweeklynews.com  ,https://mediabiasfactcheck.com/euro-weekly-news-bias/,https://ground.news/interest/euro-weekly-news,not found,LEFT-CENTER,MOSTLY FACTUAL,Spain,MOSTLY FREE,Newspaper,Medium Traffic,HIGH CREDIBILITY,,,,,Lean Left,High,Yes,Spain,1,Lean Left,,
sunstar,,,not found,,,,"sunstar, SunStar Philippines, sunstar.com.ph  ",https://www.sunstar.com.ph  ,not found,https://ground.news/interest/sunstarcomph,not found,LEFT-CENTER (-3.6),HIGH (0.9),USA,,Website,High Traffic,HIGH CREDIBILITY,,,,,Center,Unknown,Yes,USA,1,Center,,
TechCrunch,-0.47,Ad Fontes Media,https://adfontesmedia.com/techcrunch-bias-and-reliability/,Left,Reliable,45.3,"techcrunch, TechCrunch.com  ",https://techcrunch.com  ,https://mediabiasfactcheck.com/techcrunch/,https://ground.news/interest/techcrunch,https://www.allsides.com/news-source/techcrunch-media-bias,LEFT-CENTER,HIGH,USA,,Website,Medium Traffic,HIGH CREDIBILITY,Center,Verizon Media,2005,,Center,Very High,Yes,USA,1,Center,,
thenorthernecho,,,not found,,,,"thenorthernecho, The Northern Echo, thenorthernecho.co.uk  ",https://www.thenorthernecho.co.uk  ,https://mediabiasfactcheck.com/the-northern-echo-bias/,https://ground.news/interest/the-northern-echo,not found,LEAST BIASED,HIGH,United Kingdom,,Newspaper,High Traffic,HIGH CREDIBILITY,,,,,Center,High,Yes,United Kingdom,1,Center,,
theunion,,,not found,,,,"theunion, The Union, Union, theunion.com, The Union (Nevada County, CA), the union nevada county ca, the union nevada county",https://www.theunion.com  ,https://mediabiasfactcheck.com/the-union-nevada-county-bias/,,https://www.allsides.com/news-source/union-media-bias,LEAST BIASED (0.6),HIGH (1.0),USA,,Newspaper,Medium Traffic,HIGH CREDIBILITY,Not Rated,,,,,,Yes,USA,1,Center,,
FreightWaves,,,not found,,,,"Freight Waves, freightwaves.com, FreightWaves",https://www.freightwaves.com  ,,https://ground.news/interest/freightwaves,not found,LEFT-CENTER,MOSTLY FACTUAL,Ireland,,Newspaper,High Traffic,HIGH CREDIBILITY,,,,,Unknown,Unknown,Yes,Ireland,1,Lean Left,,
timesnews,,,not found,,,,"timesnews, The Times-News, Times-News, Times News, thetimesnews.com, Times News (Kingsport, TN), Times News Kingsport, times news kingsport tn",https://www.thetimesnews.com  ,not found,https://ground.news/interest/kingsport-times-news_dbc11a,not found,,,,,,,,,,,,Center,Very High,Yes,USA,1,Center,,
wesa_fm,,,not found,,,,"wesa_fm, WESA, 90.5 WESA, PittsburghÃÂs NPR News Station, wesa.fm, 90.5 WESA (Pittsburgh)",https://www.wesa.fm  ,not found,https://ground.news/interest/wesa,https://www.allsides.com/news-source/wesa-media-bias,,,,,,,,Center,,,,Center,Unknown,Yes,USA,1,Center,,
Techdirt,,,not found,,,,"techdirt, TechDirt.com  ",https://www.techdirt.com  ,https://mediabiasfactcheck.com/techdirt/,https://ground.news/interest/techdirt,not found,LEFT-CENTER,HIGH,USA,,Website,Medium Traffic,HIGH CREDIBILITY,,,,,Lean Left,Mixed,Yes,USA,5,Lean Left,,
Informationliberation.com,,,not found,,,,"Information Liberation, informationliberation.com  ",https://www.informationliberation.com  ,https://mediabiasfactcheck.com/information-liberation/,,not found,EXTREME RIGHT,LOW,USA,,Website,Minimal Traffic,LOW CREDIBILITY,,,,,,,Yes,USA,1,Extreme Right,,
globenewswire_fr,,,not found,,,,"Globe News Wire FR, GlobeNewswire (France edition), globenewswire.com/fr  ",https://www.globenewswire.com/newsroom/fr,https://mediabiasfactcheck.com/globenewswire-bias-and-credibility/,https://ground.news/interest/012b7588-3c67-4c75-a863-2b0ddc3333bc,not found,LEAST BIASED (-1.1),MOSTLY FACTUAL (2.2),Germany,,Website,High Traffic,HIGH CREDIBILITY,,,,,Center,High,Yes,Germany,2,Center,,
gmanetwork_ph,,,not found,,,,"GMA Network (Philippines), GMA Network, gmanetwork.com  ",https://www.gmanetwork.com,https://mediabiasfactcheck.com/gma-network-bias/,https://ground.news/interest/gma-filipino-news,not found,LEFT-CENTER (-3.9),MIXED (4.9),Philippines,,TV Station,High Traffic,MEDIUM CREDIBILITY,,,,,Lean Left,Mixed,Yes,Philippines,1,Lean Left,,
Wired,-7.29,Ad Fontes Media,https://adfontesmedia.com/wired-bias-and-reliability/,Skews Left,Reliable,37.18,"wired, Wired Magazine, wired.com  ",https://www.wired.com  ,https://mediabiasfactcheck.com/wired-magazine/,https://ground.news/interest/wired,https://www.allsides.com/news-source/wired,LEFT-CENTER (-3.0),HIGH (1.0),USA,MOSTLY FREE,Website,High Traffic,HIGH CREDIBILITY,Left,,,-4.07,Lean Left,High,Yes,USA,5,Lean Left,,
Daily Express,,,not found,,,,"Daily Express, The Daily Express, the-express.com",https://www.express.co.uk,,https://ground.news/interest/daily-express,https://www.allsides.com/news-source/daily-express-media-bias,RIGHT (6.3),MIXED (5.5),United Kingdom,MOSTLY FREE,Newspaper,High Traffic,MEDIUM CREDIBILITY,Lean Right,,1900,,Lean Right,Mixed,Yes,United Kingdom,5,Right,C,"Right, mixed mbfc credibility, mixed mbfc reliability"
hawaiitribune_herald,,,not found,,,,"Hawaii Tribune Herald, hawaiitribune-herald.com  ",https://www.hawaiitribune-herald.com  ,https://mediabiasfactcheck.com/hawaii-tribune-herald-bias/,https://ground.news/interest/hawaii-tribune-herald,https://www.allsides.com/news-source/hawaii-tribune-herald-media-bias,RIGHT-CENTER,MIXED,United Arab Emirates,,Newspaper,High Traffic,MEDIUM CREDIBILITY,Center,,,,Center,Very High,Yes,United Arab Emirates,2,Center,,
headtopics,,,not found,,,,"Head Topics, headtopics.com, HeadTopics, head-topics, HeadTopics (aggregator)",https://headtopics.com  ,https://mediabiasfactcheck.com/head-topics/,https://ground.news/interest/headtopics,not found,LEFT-CENTER,MIXED,Unknown,0,Website,Medium Traffic,LOW CREDIBILITY,,,,,,,Yes,Unknown,3,Lean Left,,
herald_review,,,not found,,,,"Herald Review, herald-review.com  ",https://www.myheraldreview.com  ,,https://ground.news/interest/herald-review-media,https://www.allsides.com/news-source/herald-review-media-bias,LEFT-CENTER,MOSTLY FACTUAL,South Korea,,Newspaper,Medium Traffic,HIGH CREDIBILITY,Center,,,,Unknown,Unknown,Yes,South Korea,1,Lean Left,,
heraldscotland,,,not found,,,,"Herald Scotland, heraldscotland.com  ",https://www.heraldscotland.com  ,not found,https://ground.news/interest/the-herald-scotland,not found,,,,,,,,,,,,Lean Left,Very High,Yes,Scotland,1,Lean Left,,
CNET,-1.39,Ad Fontes Media,https://adfontesmedia.com/cnet-bias-and-reliability/,Left,Reliable,40.02,"cnet, CNET, Computer Network, computernetwork, cnet.com  ",https://www.cnet.com,https://mediabiasfactcheck.com/cnet/,,https://www.allsides.com/news-source/cnet,LEAST BIASED (-0.5),HIGH (1.0),USA,MOSTLY FREE,Website,High Traffic,HIGH CREDIBILITY,Center,CBS Interactive,1994,,,,Yes,USA,4,Center,,
devdiscourse,,,not found,,,,"Dev Discourse, devdiscourse.com, Devdiscourse",https://www.devdiscourse.com  ,not found,https://ground.news/interest/devdiscourse,not found,,,,,,,,,,,,Center,Very High,Yes,UK,4,Center,,
Manchester Evening News,,,not found,,,,"manchester evening news, MEN, manchestereveningnews.co.uk  ",https://www.manchestereveningnews.co.uk  ,https://mediabiasfactcheck.com/manchester-evening-news/,https://ground.news/interest/manchester-evening-news,https://www.allsides.com/news-source/manchester-evening-news-media-bias,LEFT-CENTER (-3.0),HIGH (1.0),United Kingdom,,Newspaper,High Traffic,HIGH CREDIBILITY,Center,,,,Center,High,Yes,United Kingdom,4,Center,,
Plymouth Live,,,not found,,,,"plymouth live, Plymouth Herald, plymouthherald.co.uk",https://www.plymouthherald.co.uk (redirects from plymouthlive.com)  ,https://mediabiasfactcheck.com/plymouthlive-bias-and-credibility/,https://ground.news/interest/plymouth-herald,not found,LEAST BIASED (1.5),HIGH (1.0),United Kingdom,0,Website,High Traffic,HIGH CREDIBILITY,,,,,Center,High,Yes,United Kingdom,4,Center,,
indiatodayne,,,not found,,,,"India Today North East, indiatodayne.in, India Today NE",https://www.indiatodayne.in,not found,,,,,,,,,,,,,,,,No,India,1,,,
New Statesman,-7.96,Ad Fontes Media,https://adfontesmedia.com/new-statesman-bias-and-reliability/,Skews Left,Reliable,39.67,"new statesman, New Statesman, newstatesman.com",https://www.newstatesman.com,https://mediabiasfactcheck.com/new-statesman/,,https://www.allsides.com/news-source/new-statesman-media-bias,LEFT-CENTER (-6.7),HIGH (1.5),United Kingdom,,Magazine,Medium Traffic,HIGH CREDIBILITY,Left,Mike Danson,1913,,,,Yes,United Kingdom,4,Lean Left,B,"Lean left, high mbfc credibility, high mbfc factuality"
Snopes.com,-2.31,Ad Fontes Media,https://adfontesmedia.com/snopes-bias-and-reliability/,Left,Reliable,44.44,"snopes.com, Snopes, snopes.com  ",https://www.snopes.com  ,,https://ground.news/interest/snopescom,https://www.allsides.com/news-source/snopes,LEAST BIASED (-0.6),HIGH (1.0),USA,,TV Station,High Traffic,HIGH CREDIBILITY,Lean Left,"David P. Mikkelson, Proper Media",1994,-2,Lean Left,Very High,Yes,USA,4,Lean Left,,
Inside Higher Ed,,,not found,,,,"Inside Higher Ed, Insidehighered.com  ",https://www.insidehighered.com  ,https://mediabiasfactcheck.com/inside-higher-ed/,https://ground.news/interest/inside-higher-ed-higher-education-news-events-and-jobs,https://www.allsides.com/news-source/inside-higher-ed-media-bias,RIGHT-CENTER,MIXED,Philippines,,Newspaper,Medium Traffic,MEDIUM CREDIBILITY,Lean Left,,,-2,Lean Left,High,Yes,Philippines,1,Lean Left,,
American Thinker,24.57,Ad Fontes Media,https://adfontesmedia.com/american-thinker-bias-and-reliability/,Right,Analysis,13.88,"american thinker, AmericanThinker.com, Americanthinker.com, Americanthinker  ",https://www.americanthinker.com  ,https://mediabiasfactcheck.com/american-thinker/,https://ground.news/interest/americanthinkercom,https://www.allsides.com/news-source/american-thinker,EXTREME RIGHT,LOW,USA,,Website,Medium Traffic,LOW CREDIBILITY,Right,Thomas Lifson,2003,4,Extreme Right,Low,Yes,USA,4,Right,E,
Irish Sun,,,not found,,,,"the sun ie, thesun.ie",,https://mediabiasfactcheck.com/irish-sun-bias-and-credibility/,https://ground.news/interest/the-irish-sun,not found,RIGHT (6.6),MIXED (5.9),Ireland,EXCELLENT,Newspaper,High Traffic,MEDIUM CREDIBILITY,,,,,Right,Mixed,Yes,Ireland,1,Right,,
irishexaminer,,,not found,,,,"Irish Examiner, irishexaminer.com  ",https://www.irishexaminer.com  ,https://mediabiasfactcheck.com/the-irish-examiner/,https://ground.news/interest/irish-examiner,not found,LEFT-CENTER,MOSTLY FACTUAL,Ireland,,Newspaper,High Traffic,HIGH CREDIBILITY,,,,,Lean Left,High,Yes,Ireland,1,Lean Left,,
itbiznews,,,not found,,,,"IT Biz News, itbiznews.com, ITBizNews (Korea)",https://itbiznews.com.au  ,not found,,not found,,,,,,,,,,,,,,No,Korea,1,,,
Daily Signal,17.1,Ad Fontes Media,https://adfontesmedia.com/daily-signal-bias-and-reliability/,Right,Problematic,20.15,"The Daily Signal, dailysignal.com",https://www.dailysignal.com,not found,,https://www.allsides.com/news-source/daily-signal,,,,,,,,Right,,,4,,,Yes,USA,4,Right,,
Cornwall Live,,,not found,,,,"cornwall live, Cornwall Live, cornwalllive.com  ",https://www.cornwalllive.com,https://mediabiasfactcheck.com/cornwall-live-bias/,https://ground.news/interest/cornwall-live,not found,LEAST BIASED (1.5),HIGH (1.0),United Kingdom,,Website,Medium Traffic,HIGH CREDIBILITY,,,,,Center,High,Yes,United Kingdom,3,Center,,
KRDO,,,not found,,,,"krdo, KRDO NewsChannel 13  ",https://krdo.com  ,https://mediabiasfactcheck.com/krdo-colorado-springs-news-bias/,https://ground.news/interest/krdo,https://www.allsides.com/news-source/krdo-media-bias,LEAST BIASED (-0.7),HIGH (1.0),USA,,TV Station,Medium Traffic,HIGH CREDIBILITY,Center,,,,Center,High,Yes,USA,3,Center,,
Liverpool Echo,,,not found,,,,"liverpool echo, liverpoolecho.co.uk, The Echo  ",https://www.liverpoolecho.co.uk  ,https://mediabiasfactcheck.com/liverpool-echo/,https://ground.news/interest/liverpool-echo,https://www.allsides.com/news-source/liver-pool-echo-media-bias,LEAST BIASED (1.5),HIGH (1.0),United Kingdom,,Newspaper,High Traffic,HIGH CREDIBILITY,,,,,Center,High,Yes,United Kingdom,3,Center,,
TechRadar,,,not found,,,,"techradar, TechRadar.com, tech radar",https://www.techradar.com  ,https://mediabiasfactcheck.com/techradar/,https://ground.news/interest/tech-radar,,,,,,,,,,,,,Center,High,Yes,UK,3,Center,,
Deadline,-4.97,Ad Fontes Media,https://adfontesmedia.com/deadline-bias-and-reliability/,Left,Reliable,41.35,"Deadline, deadline.com",https://deadline.com  ,https://mediabiasfactcheck.com/deadline-hollywood/,,https://www.allsides.com/news-source/deadline-media-bias,LEFT-CENTER,HIGH,USA,MOSTLY FREE,Website,High Traffic,HIGH CREDIBILITY,Lean Left,,,,,,Yes,USA,3,Lean Left,,
NextShark,,,not found,,,,"NextShark, NextShark Media, nextshark.com  ",https://nextshark.com  ,,,not found,LEFT-CENTER,HIGH,USA,,Website,Medium Traffic,HIGH CREDIBILITY,,,,,,,Yes,USA,3,Lean Left,,
khaama,,,not found,,,,"Khaama Press, Khaama Press News Agency, khaama.com",https://www.khaama.com,not found,https://ground.news/interest/khaama-press,not found,,,,,,,,,,,,Unknown,Unknown,Yes,Afghanistan,1,,,
khaleejtimes,,,not found,,,,"Khaleej Times, khaleejtimes.com  ",https://www.khaleejtimes.com,https://mediabiasfactcheck.com/khaleej-times-bias/,https://ground.news/interest/khaleej-times,not found,RIGHT-CENTER,MIXED,United Arab Emirates,,Newspaper,High Traffic,MEDIUM CREDIBILITY,,,,,Lean Right,Mixed,Yes,United Arab Emirates,1,Lean Right,,
khmertimeskh,,,not found,,,,"Khmer Times, khmertimeskh.com  ",https://www.khmertimeskh.com,not found,,,,,,,,,,,,,,,,No,Cambodia,2,,,
nhpr,,,not found,,,,"New Hampshire Public Radio, NHPR, nhpr.org  ",https://www.nhpr.org  ,https://mediabiasfactcheck.com/new-hampshire-public-radio-bias-and-credibility/,,https://www.allsides.com/news-source/new-hampshire-public-radio-media-bias,LEFT-CENTER (-3.0),HIGH (0.5),USA,0,Radio Station,Minimal Traffic,HIGH CREDIBILITY,Center,,,,,,Yes,USA,3,Lean Left,,
The Boston Globe,-7.85,Ad Fontes Media,https://adfontesmedia.com/boston-globe-bias-and-reliability/,Skews Left,Reliable,41.94,"the boston globe, Boston Globe, bostonglobe.com  ",https://www.bostonglobe.com  ,https://mediabiasfactcheck.com/boston-globe/,https://ground.news/interest/boston-globe,https://www.allsides.com/news-source/boston-globe-media-bias,LEFT-CENTER (-3.2),HIGH (1.0),USA,MOSTLY FREE,Newspaper,High Traffic,HIGH CREDIBILITY,,,,,Lean Left,High,Yes,USA,3,Lean Left,,
The Mercury News,-3,Ad Fontes Media,https://adfontesmedia.com/mercury-news-bias-and-reliability/,Left,Reliable,44.41,"the mercury news, Mercury News, mercurynews.com , San Jose Mercury News, mercury news",https://www.mercurynews.com  ,https://mediabiasfactcheck.com/san-jose-mercury-news/,https://ground.news/interest/the-mercury-news,https://www.allsides.com/news-source/san-jose-mercury-news,LEFT-CENTER (-3.3),HIGH (1.0),USA,,Newspaper,High Traffic,HIGH CREDIBILITY,Lean Left,Digital First Media,1851,-2,Lean Left,Very High,Yes,USA,3,Lean Left,,
livemint,,,not found,,,,"livemint, Live Mint, Mint  ",https://www.livemint.com  ,https://mediabiasfactcheck.com/mint-newspaper-bias/,https://ground.news/interest/live-mint,not found,LEAST BIASED (-0.4),MIXED (4.8),India,,Newspaper,High Traffic,MEDIUM CREDIBILITY,,,,,Center,Mixed,Yes,India,3,Center,,
USA Today,-3.8,Ad Fontes Media,https://adfontesmedia.com/usa-today-bias-and-reliability/,Left,Reliable,40.88,"usa today, USA Today, usatoday.com  ",https://www.usatoday.com  ,https://mediabiasfactcheck.com/usa-today-2/,https://ground.news/interest/usa-today,https://www.allsides.com/news-source/usa-today-media-bias,LEFT-CENTER (-2.8),MOSTLY FACTUAL (2.1),USA,MOSTLY FREE,Newspaper,High Traffic,HIGH CREDIBILITY,Lean Left,Gannett Company,1982,-2,Lean Left,High,Yes,USA,3,Lean Left,,
lmtribune,,,not found,,,,"lmtribune, The Lewiston Tribune, Lewiston Morning Tribune, Lewiston Tribune",https://lmtribune.com  ,,https://ground.news/interest/the-lewiston-tribune,https://www.allsides.com/news-source/lewiston-tribune-media-bias,LEFT-CENTER,HIGH,Australia,,Newspaper,Medium Traffic,HIGH CREDIBILITY,Center,,,,Center,Unknown,Yes,Australia,1,Center,,
KABC-TV,,,not found,,,,"KABC TV, kabc.com  ",https://abc7.com,https://mediabiasfactcheck.com/kabc-los-angeles-news-bias/,https://ground.news/interest/abc-7-la,https://www.allsides.com/news-source/abc-7-los-angeles-media-bias,LEAST BIASED (-1.4),HIGH (1.0),USA,,TV Station,High Traffic,HIGH CREDIBILITY,Not Rated,,,,Center,Very High,Yes,USA,2,Center,,
Memeorandum.com,,,not found,,,,"memeorandum.com, Memeorandum, Memeorandum Tech  ",https://www.memeorandum.com  ,,https://ground.news/interest/memeorandumcom,,LEFT-CENTER (-3.0),HIGH (0.5),USA,,Radio Station,Minimal Traffic,HIGH CREDIBILITY,,,,,Center,Mixed,Yes,USA,2,Center,,
NBC10 Boston,,,not found,,,,"nbc10 boston, WBTS-CD, NBC Boston, nbcboston.com  ",https://www.nbcboston.com  ,https://mediabiasfactcheck.com/wbts-nbc10-boston-bias/,https://ground.news/interest/nbc-boston,https://www.allsides.com/news-source/nbc-10-boston-media-bias,LEFT-CENTER (-2.7),HIGH (1.0),USA,0,TV Station,Medium Traffic,HIGH CREDIBILITY,Lean Left,,,,Lean Left,Very High,Yes,USA,2,Center,,
manilatimes,,,not found,,,,"manilatimes, The Manila Times, manilatimes.net  ",https://www.manilatimes.net  ,https://mediabiasfactcheck.com/the-manila-times/,https://ground.news/interest/the-manila-times,https://www.allsides.com/news-source/manila-times-media-bias,RIGHT-CENTER,MIXED,Philippines,,Newspaper,Medium Traffic,MEDIUM CREDIBILITY,Center,,,,Lean Right,Mixed,Yes,Philippines,1,Lean Right,,
PetaPixel,,,not found,,,,"petaPixel, petapixel.com",https://petapixel.com  ,not found,https://ground.news/interest/petapixel,not found,,,,,,,,,,,,Center,Very High,Yes,USA,2,Center,,
qconline,,,not found,,,,"qconline, Quad-City Times, qconline.com, The Dispatch / The Rock Island Argus (QCOnline)",https://qconline.com  ,not found,https://ground.news/interest/the-quad-city-times,not found,,,,,,,,,,,,Center,Very High,Yes,USA,2,Center,,
menafn,,,not found,,,,"menafn, Middle East North Africa Financial Network, menafn.com, MENAFN (Middle East North Africa Financial Network)",https://www.menafn.com  ,not found,,not found,,,,,,,,,,,,,,No,Middle East,11,,,
michaelwest,,,not found,,,,"michaelwest, Michael West, Michael West Media, michaelwest.com.au  ",https://www.michaelwest.com.au  ,https://mediabiasfactcheck.com/michael-west-media-bias-and-credibility/,,not found,LEFT (-6.5),MOSTLY FACTUAL (3.3),Australia,,Website,Medium Traffic,HIGH CREDIBILITY,,,,,,,Yes,Australia,1,Left,,
mid_day,,,not found,,,,"mid_day, Mid-Day, midday.com  ",https://www.mid-day.com  ,,https://ground.news/interest/mid-day,https://www.allsides.com/news-source/mid-day-media-bias,LEFT-CENTER,HIGH,Canada,,Newspaper,Medium Traffic,HIGH CREDIBILITY,,,,,Unknown,Unknown,Yes,Canada,1,Lean Left,,
theeagle,,,not found,,,,"theeagle, The Eagle, theeagle.com (BryanÃÂCollege Station, TX), The Eagle (BryanÃCollege Station, TX)",https://www.theeagle.com  ,https://mediabiasfactcheck.com/the-eagle-bryan-college-station/,https://ground.news/interest/the-eagle,not found,,,,,,,,,,,,Center,High,Yes,USA,2,Center,,
winonadailynews,,,not found,,,,"winonadailynews, Winona Daily News, winonadailynews.com  ",https://www.winonadailynews.com  ,https://mediabiasfactcheck.com/winona-daily-news/,https://ground.news/interest/winona-daily-news,https://www.allsides.com/news-source/winona-daily-media-bias,LEAST BIASED (1.7),HIGH (1.0),USA,,Newspaper,Minimal Traffic,HIGH CREDIBILITY,Center,,,,Center,High,Yes,USA,2,Center,,
mpost,,,not found,,,,"mpost, The Morning Post, MPost News, Metaverse Post","https://www.themorningstpost.com (if MPost News site was active, else MPost home is themorningpost.com)  ",not found,https://ground.news/interest/metaverse-post,not found,,,,,,,,,,,,Unknown,Unknown,Yes,0,1,,,
Twitchy,20.93,Ad Fontes Media,https://adfontesmedia.com/twitchy-bias-and-reliability/,Right,Problematic,17.83,"twitchy, Twitchy.com, Twitchy  ",https://twitchy.com  ,https://mediabiasfactcheck.com/twitchy/,https://ground.news/interest/twitchy,not found,RIGHT (7.1),MIXED (5.8),USA,,Website,High Traffic,MEDIUM CREDIBILITY,,,,,Extreme Right,Low,Yes,USA,2,Right,E,
aol,-0.01,Ad Fontes Media,https://adfontesmedia.com/aol-com-bias-and-reliability/,Skews Left,Skews Left,42.68,"aol, AOL News, aol.com  ",https://www.aol.com/news  ,not found,https://ground.news/interest/aol_c15cf5,not found,,,,,,,,,,,,Lean Left,Very High,Yes,UK,1,Lean Left,,
Boredpanda.com,,,not found,,,,"boredpanda.com, Bored Panda, boredpanda.com  ",https://www.boredpanda.com  ,not found,https://ground.news/interest/boredpanda,not found,,,,,,,,,,,,Lean Left,High,Yes,USA,1,Lean Left,,
nation_pk,-18.99,Ad Fontes Media,https://adfontesmedia.com/nation-bias-and-reliability/,Left,Mixed,30.85,"nation_pk, The Nation, nation.com.pk  ",https://www.nation.com.pk  ,https://mediabiasfactcheck.com/the-nation-pakistan/,,not found,RIGHT-CENTER (3.7),MIXED (5.1),Pakistan,LIMITED FREEDOM,Newspaper,Medium Traffic,MEDIUM CREDIBILITY,,,,,,,Yes,Pakistan,1,Lean Right,,
boston,-7.85,Ad Fontes Media,https://adfontesmedia.com/boston-globe-bias-and-reliability/,Skews Left,Reliable,41.94,"boston, The Boston Globe, Boston Globe, bostonglobe.com  ",https://www.bostonglobe.com  ,not found,https://ground.news/interest/boston-globe,https://www.allsides.com/news-source/boston-globe,,,,,,,,Left,"Boston Globe Media Partners, LLC",1872,-4,Lean Left,High,Yes,USA,1,Lean Left,,
nationalheraldindia,,,not found,,,,"nationalheraldindia, National Herald, National Herald (India), National Herald India",https://www.nationalheraldindia.com  ,not found,,not found,,,,,,,,,,,,,,No,India,3,,,
elpais,,,not found,,,,"El PaÃÂs, elpais.com, El PaÂs (English Edition)",https://english.elpais.com,https://mediabiasfactcheck.com/el-pais/,https://ground.news/interest/el-pais,not found,LEFT-CENTER (-2.4),HIGH (1.0),USA,,Newspaper,Medium Traffic,HIGH CREDIBILITY,,,,,Lean Left,Very High,Yes,USA,1,Lean Left,,
Essence,,,not found,,,,"Essence, essence.com",https://www.essence.com  ,not found,https://ground.news/interest/essence,not found,,,,,,,,,,,,Lean Left,High,Yes,USA,1,Lean Left,,
essexlive_news,,,not found,,,,"Essex Live, essexlive.news",https://www.essexlive.news  ,,https://ground.news/interest/essexlivenews,not found,LEFT-CENTER (-4.5),HIGH (1.8),United Kingdom,MOSTLY FREE,Website,High Traffic,HIGH CREDIBILITY,,,,,Unknown,Unknown,Yes,United Kingdom,1,Lean Left,,
Fortune,-2.79,Ad Fontes Media,https://adfontesmedia.com/fortune-bias-and-reliability/,Left,Reliable,36.91,"Fortune, fortune.com",https://fortune.com  ,,,https://www.allsides.com/news-source/fortune,LEFT-CENTER,HIGH,USA,,Website,Medium Traffic,HIGH CREDIBILITY,Center,,,,,,Yes,USA,1,Lean Left,,
IFLScience,,,not found,,,,"IFL Science, IFLScience.com  ",https://www.iflscience.com  ,https://mediabiasfactcheck.com/ifl-science/,https://ground.news/interest/iflscience,not found,LEFT-CENTER (-4.5),HIGH (1.8),United Kingdom,MOSTLY FREE,Website,High Traffic,HIGH CREDIBILITY,,,,,Lean Left,Very High,Yes,United Kingdom,1,Lean Left,,
indy100,,,not found,,,,"Indy100, indy100.com",https://www.indy100.com,not found,https://ground.news/interest/indy100-independent,not found,,,,,,,,,,,,Lean Left,Mixed,Yes,UK,1,Lean Left,,
kentlive,,,not found,,,,"Kent Live, kentlive.news, KentLive",https://www.kentlive.news ,,https://ground.news/interest/kent-live-news,not found,LEFT-CENTER,HIGH,USA,,Newspaper,Medium Traffic,HIGH CREDIBILITY,,,,,Unknown,Unknown,Yes,USA,1,Lean Left,,
koreatimes,,,not found,,,,"Korea Times, koreatimes.com  ",https://www.koreatimes.co.kr  ,https://mediabiasfactcheck.com/the-korea-times/,,not found,LEFT-CENTER (-2.7),HIGH (1.0),USA,,TV Station,High Traffic,HIGH CREDIBILITY,,,,,,,Yes,USA,1,Lean Left,,
Kotaku,,,not found,,,,"kotaku, kotaku",https://kotaku.com  ,https://mediabiasfactcheck.com/kotaku/,https://ground.news/interest/kotaku,not found,LEFT-CENTER,MOSTLY FACTUAL,USA,,Website,High Traffic,HIGH CREDIBILITY,,,,,Lean Left,High,Yes,USA,1,Lean Left,,
New York Post,9.33,Ad Fontes Media,https://adfontesmedia.com/new-york-post-bias-and-reliability/,Skews Right,Mixed,31.76,"NY Post, The New York Post, NYP, nypost.com, The Post",https://nypost.com  ,,,https://www.allsides.com/news-source/new-york-post,LEFT-CENTER (by Saudi standards) (-2.5),MIXED (5.0),Saudi Arabia,,Newspaper,Medium Traffic,MEDIUM CREDIBILITY,Lean Right,News Corp,1801,2.93,,,Yes,Saudi Arabia,20,Lean Left,,
Nakedcapitalism.com,,,not found,,,,"nakedcapitalism.com, Naked Capitalism  ",https://www.nakedcapitalism.com  ,https://mediabiasfactcheck.com/naked-capitalism/,https://ground.news/interest/naked-capitalism,not found,,HIGH,USA,,,,,,,,,Lean Left,High,Yes,USA,1,Lean Left,,
newcastleherald,,,not found,,,,"The Newcastle Herald, Newcastle Herald",https://www.newcastleherald.com.au  ,https://mediabiasfactcheck.com/newcastle-herald-bias/,https://ground.news/interest/newcastle-herald,not found,LEFT-CENTER (-2.3),HIGH (1.0),Australia,MOSTLY FREE,Newspaper,High Traffic,HIGH CREDIBILITY,,,,,Lean Left,High,Yes,Australia,1,Lean Left,,
nbcdfw,,,not found,,,,"nbcdfw, NBC 5 Dallas-Fort Worth, KXAS-TV, nbcdfw.com  ",https://www.nbcdfw.com  ,https://mediabiasfactcheck.com/nbc-5-dallas-fort-worth-kxas-bias/,https://ground.news/interest/nbc-dallas-fort-worth,https://www.allsides.com/news-source/dallas-fort-worth-news-media-bias,LEFT-CENTERÂ  (-2.7),HIGH (1.0),USA,0,TV Station,High Traffic,HIGH CREDIBILITY,Not Rated,,,,Lean Left,Very High,Yes,USA,1,Lean Left,,
nbcphiladelphia,,,not found,,,,"nbcphiladelphia, NBC10 Philadelphia, WCAU, nbcphiladelphia.com  ",https://www.nbcphiladelphia.com  ,https://mediabiasfactcheck.com/nbc-philadelphia/,https://ground.news/interest/nbc-philadelphia,https://www.allsides.com/news-source/nbc-news-media-bias,,,,,,,,Lean Left,Comcast,1940,-1.8,Lean Left,Very High,Yes,USA,1,Lean Left,,
Newser,-5.52,Ad Fontes Media,https://adfontesmedia.com/newser-bias-and-reliability/,Left,Reliable,36.83,"Newser, Newser.com  ",https://www.newser.com  ,https://mediabiasfactcheck.com/newser/,https://ground.news/interest/newser,not found,LEFT-CENTER,HIGH,USA,,Website,High Traffic,HIGH CREDIBILITY,,,,,,,Yes,USA,1,Lean Left,,
nsnews,,,not found,,,,"North Shore News, nsnews  ",https://www.nsnews.com  ,https://mediabiasfactcheck.com/north-shore-news-bias/,,not found,LEFT-CENTER,HIGH,USA,,Newspaper,Medium Traffic,HIGH CREDIBILITY,,,,,,,Yes,USA,1,Lean Left,,
ohiocapitaljournal.com,,,not found,,,,"ohio capital journal, ohiocapitaljournal.com, Ohio Capital-Journal",https://ohiocapitaljournal.com,https://mediabiasfactcheck.com/ohio-capital-journal-bias/,https://ground.news/interest/ohio-capital-journal,https://www.allsides.com/news-source/ohio-capital-journal-media-bias,LEFT,MOSTLY FACTUAL,USA,,Organization/Foundation,Minimal Traffic,MEDIUM CREDIBILITY,Lean Left,,,-2,Lean Left,Very High,Yes,USA,1,Lean Left,,
rappler,,,not found,,,,"rappler, Rappler Philippines, rappler.com  ",https://www.rappler.com  ,,https://ground.news/interest/rappler_028051,not found,RIGHT-CENTER (3.8),HIGH (1.7),USA,MOSTLY FREE,Magazine,Medium Traffic,HIGH CREDIBILITY,,,,,Lean Left,High,Yes,USA,1,Lean Left,,
The Tab,,,not found,,,,"the tab, TheTab.com, The Tab UK  ",https://thetab.com  ,https://mediabiasfactcheck.com/the-tab/,https://ground.news/interest/the-tab,not found,LEFT-CENTER,HIGH,United Kingdom,,Website,Medium Traffic,HIGH CREDIBILITY,,,,,Lean Left,High,Yes,United Kingdom,1,Lean Left,,
U.S. News & World Report,-3.04,Ad Fontes Media,https://adfontesmedia.com/u-s-news-and-world-report-bias-reliability/,Left,Reliable,43.61,"u.s. news & world report, U.S. News, US News, US News and World Report, usnews.com  ",https://www.usnews.com  ,https://mediabiasfactcheck.com/us-news-world-report/,https://ground.news/interest/u-s-news,https://www.allsides.com/news-source/us-news-and-world-report,LEFT-CENTER (-2.6),HIGH (1.1),USA,MOSTLY FREE,Magazine,High Traffic,HIGH CREDIBILITY,Lean Left,Mortimer Zuckerman,1933,-1.5,,,Yes,USA,1,Lean Left,,
Variety,-4.32,Ad Fontes Media,https://adfontesmedia.com/variety-bias-and-reliability/,Left,Reliable,41.31,"variety, Variety Magazine, Variety, variety.com  ",https://variety.com  ,https://mediabiasfactcheck.com/variety-magazine/,https://ground.news/interest/variety,https://www.allsides.com/news-source/variety-media-bias,LEFT-CENTER,HIGH,USA,,Magazine,High Traffic,HIGH CREDIBILITY,Lean Left,,,,Lean Left,High,Yes,USA,1,Lean Left,,
walesonline,,,not found,,,,"walesonline, Wales Online, walesonline.co.uk  ",https://www.walesonline.co.uk  ,https://mediabiasfactcheck.com/walesonline/,https://ground.news/interest/wales-online,https://www.allsides.com/news-source/wales-online,LEFT-CENTER (-4.6),HIGH (1.2),United Kingdom,,Website,High Traffic,HIGH CREDIBILITY,,,,,Lean Left,High,Yes,United Kingdom,1,Lean Left,,
Al-Monitor,,,not found,,,,"al-monitor, Al Monitor, al-monitor.com, Al-Monitor  ",https://www.al-monitor.com  ,https://mediabiasfactcheck.com/al-monitor/,https://ground.news/interest/al-monitor,not found,LEFT-CENTER,HIGH,USA,,Website,High Traffic,HIGH CREDIBILITY,,,,,Lean Left,Very High,Yes,USA,2,Lean Left,,
journalnow,,,not found,,,,"Journal Now, journalnow.com, Winston-Salem Journal",https://journalnow.com  ,https://mediabiasfactcheck.com/winston-salem-journal/,https://ground.news/interest/winston-salem-journal,https://www.allsides.com/news-source/winston-salem-journal,LEAST BIASED (-1.6),HIGH (1.0),USA,,Newspaper,Medium Traffic,HIGH CREDIBILITY,Not Rated,Berkshire Hathaway,1897,,Lean Left,High,Yes,USA,2,Lean Left,,
openpr,,,not found,,,,"OpenPR, openpr.com  ",https://www.openpr.com  ,,,not found,RIGHT-CENTER,MOSTLY FACTUAL,Canada,,Organization/Foundation,Minimal Traffic,MEDIUM CREDIBILITY,,,,,,,Yes,Canada,3,Lean Right,,
business-standard,,,not found,,,,"business-standard, Business Standard, business-standard.com  ",https://www.business-standard.com,https://mediabiasfactcheck.com/cornwall-live-bias/,https://ground.news/interest/business-standard,not found,LEAST BIASED (1.5),HIGH (1.0),United Kingdom,,Website,Medium Traffic,HIGH CREDIBILITY,,,,,Lean Right,High,Yes,United Kingdom,1,Lean Right,,
orissapost,,,not found,,,,"Orissa Post, orissapost.com, OrissaPOST",https://www.orissapost.com  ,not found,https://ground.news/interest/orissa-post,not found,,,,,,,,,,,,Unknown,Unknown,Yes,India,1,,,
pajhwok,,,not found,,,,"Pajhwok Afghan News, Pajhwok, pajhwok.com",https://pajhwok.com  ,,,not found,RIGHT-CENTER (2.8),MIXED (4.8),India,,Newspaper,High Traffic,MEDIUM CREDIBILITY,,,,,,,Yes,India,1,Lean Right,,
pakobserver,,,not found,,,,"Pakistan Observer, pakobserver.net",https://pakobserver.net  ,not found,https://ground.news/interest/daily-pakistan-observer,not found,,,,,,,,,,,,Unknown,Unknown,Yes,Pakistan,1,,,
perthnow,,,not found,,,,"PerthNow, perthnow.com.au  ",https://www.perthnow.com.au  ,not found,https://ground.news/interest/perthnow,not found,,,,,,,,,,,,Unknown,Unknown,Yes,Australia,1,,,
durangoherald,,,not found,,,,"The Durango Herald, durangoherald.com",https://www.durangoherald.com,https://mediabiasfactcheck.com/the-durango-herald/,https://ground.news/interest/durango-herald,https://www.allsides.com/news-source/durango-herald,RIGHT-CENTER,HIGH,USA,,Newspaper,Medium Traffic,HIGH CREDIBILITY,Not Rated,"Ballantine Communication, Inc.",1881,,Lean Right,High,Yes,USA,1,Lean Right,,
Epoch Times,9.99,Ad Fontes Media,https://adfontesmedia.com/epoch-times-bias-and-reliability/,Skews Right,Reliable,34.2,"Epoch Times, epochtimes.com",https://www.theepochtimes.com  ,https://mediabiasfactcheck.com/the-epoch-times/,https://ground.news/interest/epoch-times,https://www.allsides.com/news-source/epoch-times-media-bias,RIGHT (6.4),MIXED (6.4),USA,MOSTLY FREE,Newspaper,High Traffic,LOW CREDIBILITY,Lean Right,Epoch Media Group,2000,1,,,Yes,USA,1,Lean Right,,
pmnewsnigeria,,,not found,,,,"pmnewsnigeria, PM News Nigeria, PM News (Nigeria)",https://pmnewsnigeria.com  ,,https://ground.news/interest/pm-news-nigeria,not found,LEFT-CENTER,HIGH,Canada,,Newspaper,Medium Traffic,HIGH CREDIBILITY,,,,,Left,Unknown,Yes,Canada,1,Left,,
moneycontrol,,,not found,,,,"moneycontrol, moneycontrol.com, Moneycontrol India  ",https://www.moneycontrol.com  ,,https://ground.news/interest/money-controlcom,not found,RIGHT,MIXED,United Kingdom,,Website,Medium Traffic,MEDIUM CREDIBILITY,,,,,Lean Right,Mixed,Yes,United Kingdom,1,Lean Right,,
News-Medical.net,,,not found,,,,"News Medical Life Sciences, News-Medical",https://www.news-medical.net  ,,,not found,RIGHT-CENTER (3.9),MOSTLY FACTUAL (2.4),United Kingdom,MOSTLY FREE,Newspaper,High Traffic,HIGH CREDIBILITY,,,,,,,Yes,United Kingdom,1,Lean Right,,
promptnewsonline,,,not found,,,,"promptnewsonline, Prompt News, Prompt News (Nigeria)",https://promptnewsonline.com  ,not found,,not found,,,,,,,,,,,,,,No,Nigeria,5,,,
news18,,,not found,,,,"	News18 India, CNN-IBN",https://www.news18.com  ,,https://ground.news/interest/news18-india,not found,LEAST BIASED (1.5),HIGH (1.0),USA,,Newspaper,Minimal Traffic,HIGH CREDIBILITY,,,,,Lean Right,Mixed,Yes,USA,1,Lean Right,,
The Telegraph,,,not found,,,,"the telegraph, The Daily Telegraph, Telegraph UK, telegraph.co.uk  ",https://www.telegraph.co.uk  ,https://mediabiasfactcheck.com/daily-telegraph/,https://ground.news/interest/the-telegraph,https://www.allsides.com/news-source/telegraph-uk,RIGHT (6.4),MIXED (4.9),United Kingdom,MOSTLY FREE,Newspaper,High Traffic,MEDIUM CREDIBILITY,Lean Right,Telegraph Media Group,1855,2.5,Lean Right,Mixed,Yes,United Kingdom,1,Lean Right,,
thehindubusinessline,,,not found,,,,"thehindubusinessline, Hindu Business Line, thehindubusinessline.com  ",https://www.thehindubusinessline.com  ,https://mediabiasfactcheck.com/the-hindu-business-line/,https://ground.news/interest/the-hindu-business-line,not found,LEFT (-6.8),MOSTLY FACTUAL (2.4),USA,MOSTLY FREE,Website,High Traffic,HIGH CREDIBILITY,,,,,Lean Right,Mixed,Yes,USA,1,Lean Right,,
Mirror,-3.41,Ad Fontes Media,https://adfontesmedia.com/mirror-bias-and-reliability/,Skews Left,Skews Left,26.88,"mirror, The Mirror, Daily Mirror, mirror.co.uk  ",https://www.mirror.co.uk  ,https://mediabiasfactcheck.com/daily-mirror/,https://ground.news/interest/daily-mirror,https://www.allsides.com/news-source/mirror-media-bias,LEFT-CENTER (-4.8),MIXED (6.0),United Kingdom,MOSTLY FREE,Newspaper,High Traffic,MEDIUM CREDIBILITY,Left,,,,Lean Left,Mixed,Yes,United Kingdom,2,Lean Left,A,"Lean Left, medium mbfc credibility, mixed mbfc factuality"
cnbctv18,-1.81,,https://adfontesmedia.com/cnbc/,Left,Reliable,43.76,"cnbctv18, CNBC-TV18, cnbctv18.com  ",https://www.cnbctv18.com,not found,,https://www.allsides.com/news-source/cnbc-media-bias,,,,,,,,,,,,,,Yes,USA,1,Left,,
richmond-news,,,not found,,,,"richmond-news, Richmond News  ",https://www.richmond-news.com  ,https://mediabiasfactcheck.com/www-richmond-news-com-bias-and-credibility/,,not found,,,,,,,,,,,,,,No,Canada,1,,,
Intercept,-14.02,Ad Fontes Media,https://adfontesmedia.com/intercept-bias-and-reliability/,Left,Reliable,37.39,"The Intercept, intercept.com  ",https://theintercept.com  ,https://mediabiasfactcheck.com/the-intercept/,https://ground.news/interest/the-intercept,https://www.allsides.com/news-source/intercept,LEFT (-6.8),MOSTLY FACTUAL (2.4),USA,MOSTLY FREE,Website,High Traffic,HIGH CREDIBILITY,Left,"First Look Media, Pierre Omidyar",2014,-3.6,Left,High,Yes,USA,1,Left,,
Jezebel,-18.2,Ad Fontes Media,https://adfontesmedia.com/jezebel-bias-and-reliability/,Left,Mixed,28.94,"Jezebel, jezebel.com  ",https://jezebel.com  ,https://mediabiasfactcheck.com/jezebel/,https://ground.news/interest/jezebel,https://www.allsides.com/news-source/jezebel-media-bias,LEFT (-6.9),MOSTLY FACTUAL (2.8),USA,,Website,High Traffic,HIGH CREDIBILITY,Left,,,-4,Left,Mixed,Yes,USA,1,Left,,
RTE,,,not found,,,,"rte, RaidiÃÂ TeilifÃÂs ÃÂireann, RTE.ie  ",https://www.rte.ie  ,https://mediabiasfactcheck.com/rte-raidio-teilifis-eireann/,https://ground.news/interest/rte,not found,,,,,,,,,,,,Center,High,Yes,Ireland,1,Center,,
Salon,-13.5,Ad Fontes Media,https://adfontesmedia.com/salon-bias-and-reliability/,Left,Reliable,32.98,"salon, Salon.com  ",https://www.salon.com  ,,https://ground.news/interest/salon,https://www.allsides.com/news-source/salon,RIGHT-CENTER (2.9),MIXED (5.1),India,,Newspaper,High Traffic,MEDIUM CREDIBILITY,Left,"Salon Media Group, Inc.",1995,-4,Left,High,Yes,India,2,Left,,
saudigazette,,,not found,,,,"saudigazette, Saudi Gazette, saudigazette.com.sa  ",https://www.saudigazette.com.sa  ,https://mediabiasfactcheck.com/saudi-gazette/,https://ground.news/interest/saudi-gazette,not found,LEAST BIASED (-0.5),MOSTLY FACTUAL (2.1),Pakistan,,Newspaper,High Traffic,MEDIUM CREDIBILITY,,,,,Lean Left,Mixed,Yes,Pakistan,1,Lean Left,,
Juancole.com,,,not found,,,,"Juan Cole, juancole.com, Informed Comment (Juan Cole)",https://www.juancole.com  ,https://mediabiasfactcheck.com/informed-comment/,,not found,LEFT,MOSTLY FACTUAL,USA,,Website,Minimal Traffic,MEDIUM CREDIBILITY,,,,,,,Yes,USA,1,Left,,
Slashdot.org,,,not found,,,,"slashdot.org, Slashdot, slashdot.com  ",https://slashdot.org  ,,https://ground.news/interest/slashdotorg,not found,LEFT-CENTER (-2.3),HIGH (1.0),Australia,MOSTLY FREE,Newspaper,High Traffic,HIGH CREDIBILITY,,,,,Left,Unknown,Yes,Australia,1,Left,,
Rolling Stone,-13.76,Ad Fontes Media,https://adfontesmedia.com/rolling-stone-bias-and-reliability/,Left,Mixed,26.24,"rolling stone, Rolling Stone Magazine, rollingstone.com  ",https://www.rollingstone.com  ,,https://ground.news/interest/rolling-stone,https://www.allsides.com/news-source/rolling-stone-media-bias,,,,,,,,,,,,Unknown,Unknown,Yes,UK,1,Left,,
smh,,,not found,,,,"smh, Sydney Morning Herald, smh.com.au, The Sydney Morning Herald",https://www.smh.com.au  ,https://mediabiasfactcheck.com/the-sydney-morning-herald/,https://ground.news/interest/sydney-morning-herald,not found,LEFT-CENTER (-2.3),HIGH (1.0),Australia,MOSTLY FREE,Newspaper,High Traffic,HIGH CREDIBILITY,,,,,Lean Left,Very High,Yes,Australia,1,Lean Left,,
The Dallas Morning News,-1.91,Ad Fontes Media,https://adfontesmedia.com/dallas-morning-news-bias-reliability/,Left,Reliable,43.65,"the dallas morning news, Dallas Morning News, dallasnews.com  ",https://www.dallasnews.com  ,https://mediabiasfactcheck.com/the-dallas-morning-news/,https://ground.news/interest/dallas-morning-news,https://www.allsides.com/news-source/dallas-morning-news,,,,,,,,Center,Belo Media Group,1885,,,,Yes,USA,1,Left,,
The Huffington Post,-10.57,Ad Fontes Media,https://adfontesmedia.com/huffpost-bias-and-reliability/,Skews Left,Reliable,38.06,"the huffington post, Huffington Post, HuffPost, huffpost.com  ",https://www.huffpost.com  ,https://mediabiasfactcheck.com/huffington-post/,https://ground.news/interest/huffpost,https://www.allsides.com/news-source/huffpost-media-bias,LEFT (-6.4),MIXED (4.6),USA,MOSTLY FREE,Website,High Traffic,MEDIUM CREDIBILITY,Left,"BuzzFeed, Inc.",2005,-4.3,Left,High,Yes,USA,1,Left,,
stabroeknews,,,not found,,,,"stabroeknews, Stabroek News, stabroeknews.com  ",https://www.stabroeknews.com  ,,https://ground.news/interest/stabroek-news,,,,,,,,,,,,,Unknown,Unknown,Yes,Guyana,2,,,
The New Yorker,-12.25,Ad Fontes Media,https://adfontesmedia.com/new-yorker-bias-and-reliability/,Left,Reliable,40.91,"the new yorker, New Yorker Magazine, newyorker.com, New Yorker",https://www.newyorker.com  ,https://mediabiasfactcheck.com/new-yorker/,https://ground.news/interest/the-new-yorker,https://www.allsides.com/news-source/new-yorker,LEFT (-6.5),HIGH (1.4),USA,MOSTLY FREE,Magazine,High Traffic,HIGH CREDIBILITY,Left,Advance Publications,1925,-4.2,Left,High,Yes,USA,1,Left,,
starherald,,,not found,,,,"starherald, Star-Herald, starherald.com, Star-Herald (Scottsbluff, Nebraska)",https://starherald.com  ,https://mediabiasfactcheck.com/scottsbluff-star-herald-bias/,https://ground.news/interest/starheraldcom,https://www.allsides.com/news-source/scottsbluff-star-herald-media-bias,RIGHT-CENTER (4.8),MIXED (4.9),Nigeria,,Newspaper,Medium Traffic,MEDIUM CREDIBILITY,Center,,,,Center,High,Yes,Nigeria,1,Center,,
sunnewsonline,,,not found,,,,"sunnewsonline, The Sun News Nigeria, sunnewsonline.com, The Sun (Nigeria)",https://www.sunnewsonline.com  ,https://mediabiasfactcheck.com/the-sun-nigeria-bias-and-credibility/,,not found,RIGHT-CENTER (4.8),MIXED (4.9),Nigeria,,Newspaper,Medium Traffic,MEDIUM CREDIBILITY,,,,,,,Yes,Nigeria,1,Lean Right,,
tucson,-2,Ad Fontes Media,https://adfontesmedia.com/arizona-daily-star-bias-and-reliability/,Left,Reliable,45.85,"tucson, Arizona Daily Star, Daily Star Tucson, tucson.com  ",https://tucson.com  ,https://mediabiasfactcheck.com/arizona-daily-star/,https://ground.news/interest/tucson,https://www.allsides.com/news-source/arizona-daily-star-tucsoncom-media-bias,LEFT-CENTER,HIGH,USA,,Newspaper,Medium Traffic,HIGH CREDIBILITY,Center,,,,Left,,Yes,USA,1,Left,,
Vox.com,-10.01,Ad Fontes Media,https://adfontesmedia.com/vox-bias-and-reliability/,Skews Left,Reliable,39.65,"vox.com, Vox, Vox Media, vox.com  ",https://www.vox.com  ,https://mediabiasfactcheck.com/vox/,https://ground.news/interest/vox,https://www.allsides.com/news-source/vox-news-media-bias,LEFT (-6.4),HIGH (1.9),USA,MOSTLY FREE,Website,High Traffic,HIGH CREDIBILITY,Left,Vox Media,2014,-3.5,Left,High,Yes,USA,1,Left,,
Propublica,-6.79,Ad Fontes Media,https://adfontesmedia.com/propublica-bias-and-reliability/,Skews Left,Reliable,47.23,"propublica, ProPublica, propublica.org  ",https://www.propublica.org  ,,https://ground.news/interest/propublica,https://www.allsides.com/news-source/propublica,LEFT-CENTER (-3.1),HIGH (0.8),United Kingdom,MOSTLY FREE,Newspaper,High Traffic,HIGH CREDIBILITY,Lean Left,Donor supported Nonprofit,2007,-2,Lean Left,Very High,Yes,USA,2,Lean Left,,
Slate Magazine,-12.7,Ad Fontes Media,https://adfontesmedia.com/slate-bias-and-reliability/,Left,Reliable,35.35,"slate magazine, Slate, slate.com  ",https://slate.com  ,,,https://www.allsides.com/news-source/slate,LEFT-CENTER (-4.6),HIGH (1.2),United Kingdom,,Website,High Traffic,HIGH CREDIBILITY,Left,The Slate Group,1996,-4.5,,,Yes,United Kingdom,2,Lean Left,B,"Lean left, high mbfc credibility, high mbfc factuality"
Reason,4.58,Ad Fontes Media,https://adfontesmedia.com/reason-bias-and-reliability/,Left,Reliable,36.27,"reason, Reason Magazine, reason.com  ",https://reason.com  ,https://mediabiasfactcheck.com/reason/,https://ground.news/interest/reason,https://www.allsides.com/news-source/reason-media-bias,RIGHT-CENTER (3.8),HIGH (1.7),USA,MOSTLY FREE,Magazine,Medium Traffic,HIGH CREDIBILITY,,,,,Lean Right,High,Yes,USA,2,Lean Right,,
The Atlantic,-9.29,Ad Fontes Media,https://adfontesmedia.com/the-atlantic-bias-and-reliability/,Skews Left,Reliable,38.07,"the atlantic, TheAtlantic.com, Atlantic Magazine, Atlantic",https://www.theatlantic.com  ,not found,https://ground.news/interest/the-atlantic,https://www.allsides.com/news-source/the-atlantic-media-bias,RIGHT (6.6),MIXED (5.9),Ireland,EXCELLENT,Newspaper,High Traffic,MEDIUM CREDIBILITY,,,,,,,Yes,Ireland,11,Right,,
The New York Times,-8.05,Ad Fontes Media,https://adfontesmedia.com/new-york-times-bias-and-reliability/,Skews Left,Reliable,41.05,"the new york times, New York Times, NYT, nytimes.com, NY Times",https://www.nytimes.com  ,https://mediabiasfactcheck.com/new-york-times/,https://ground.news/interest/the-new-york-times,https://www.allsides.com/news-source/new-york-times,LEFT-CENTER (-4.1),HIGH (1.4),USA,,Newspaper,High Traffic,HIGH CREDIBILITY,Lean Left,The New York Times Company,1851,-2.2,,,Yes,USA,2,Lean Left,,
The Conversation Africa,-4.77,Ad Fontes Media,https://adfontesmedia.com/conversation-bias-and-reliability/,Middle,Middle,40.87,"the conversation africa, The Conversation, The Conversation Africa, theconversation.com/africa  ",https://theconversation.com/africa  ,https://mediabiasfactcheck.com/the-conversation-africa-bias-and-credibility/,https://ground.news/interest/the-conversation,not found,,,,,,,,,,,,Center,Very High,Yes,Africa,3,Center,,
Daily Caller,12.74,Ad Fontes Media,https://adfontesmedia.com/daily-caller-bias-and-reliability/,Right,Reliable,34.43,"The Daily Caller, dailycaller.com",https://dailycaller.com,not found,https://ground.news/interest/the-daily-caller,https://www.allsides.com/news-source/daily-caller,,,,,,,,Right,"The Daily Caller, Inc.",2010,3.8,Right,Mixed,Yes,USA,2,Right,,
Order-order.com,,,not found,,,,"Guido Fawkes Blog, Order-order.com, order-order.com  ",https://order-order.com  ,https://mediabiasfactcheck.com/guido-fawkes/,https://ground.news/interest/guido-fawkes,https://www.allsides.com/news-source/order-order,RIGHT,MIXED,United Kingdom,,Website,Medium Traffic,MEDIUM CREDIBILITY,,,,,Right,Mixed,Yes,United Kingdom,1,Right,,
thesun,,,not found,,,,"thesun, The Sun, Sun, The Sun UK, Sun UK, thesun.co.uk  ",https://www.thesun.co.uk  ,https://mediabiasfactcheck.com/the-sun/,https://ground.news/interest/the-sun,https://www.allsides.com/news-source/sun-media-bias,RIGHT (6.6),MIXED (5.9),United Kingdom,MOSTLY FREE,Newspaper,High Traffic,MEDIUM CREDIBILITY,Center,,,,Unknown,Unknown,Yes,United Kingdom,1,Right,,
Coventry Telegraph,,,not found,,,,"coventry telegraph, Coventry Telegraph, coventrytelegraph.net, coventry live, coventrylive",https://www.coventrytelegraph.net,not found,,not found,,,,,,,,,,,,,,No,UK,6,,,
Devon Live,,,not found,,,,"Devon Live, devonlive.com, DevonLive",https://www.devonlive.com  ,not found,https://ground.news/interest/devon-live,not found,,,,,,,,,,,,Unknown,Unknown,Yes,UK,3,,,
Natural News,28.1,Ad Fontes Media,https://adfontesmedia.com/natural-news-bias-and-reliability/,Right,Analysis,9.27,"natural news, naturalnews.com  ",https://www.naturalnews.com  ,https://mediabiasfactcheck.com/natural-news/,https://ground.news/interest/naturalnewscom,not found,FAR RIGHT CONSPIRACY-PSEUSDOSCIENCE (9.5),VERY-LOW (10.0),USA,MOSTLY FREE,Website,Medium Traffic,LOW CREDIBILITY,,,,,Extreme Right,Very Low,Yes,USA,3,,,
biztoc,,,not found,,,,"biztoc, BizToc.com, BizToc (aggregator)",https://www.biztoc.com  ,not found,https://ground.news/interest/biztoc,not found,,,,,,,,,,,,Unknown,Unknown,Yes,UK,2,,,
cityam,,,not found,,,,"cityam, City A.M., cityam.com  ",https://www.cityam.com,not found,https://ground.news/interest/city-am,not found,,,,,,,,,,,,Unknown,Unknown,Yes,UK,2,,,
dailyexcelsior,,,not found,,,,"Daily Excelsior, dailyexcelsior.com, Daily Excelsior (Jammu & Kashmir)",https://www.dailyexcelsior.com,not found,,not found,,,,,,,,,,,,,,No,UK,2,,,
google,,,not found,,,,"Google, google.com  ",,not found,,https://www.allsides.com/news-source/google-search-media-bias,,,,,,,,Not Rated,,,,,,Yes,USA,2,,,
inc42,,,not found,,,,"Inc42 Media, inc42.com, Inc42",https://inc42.com ,not found,https://ground.news/interest/inc42-media,not found,,,,,,,,,,,,Unknown,Unknown,Yes,UK,2,,,
munsifdaily,,,not found,,,,"munsifdaily, The Munsif Daily","https://munsifdaily.com (or munsifdaily, contactable via munsifdaily.com)  ",not found,https://ground.news/interest/the-munsif-daily_381de1,not found,,,,,,,,,,,,Unknown,Unknown,Yes,UK,2,,,
theage,,,not found,,,,"theage, The Age (Australia), theage.com.au  ",https://www.theage.com.au  ,not found,https://ground.news/interest/the-age,not found,,,,,,,,,,,,Lean Left,High,Yes,Australia,1,Lean Left,,
theberkshireedge,,,not found,,,,"theberkshireedge, The Berkshire Edge, berkshireedge.com",https://theberkshireedge.com  ,not found,https://ground.news/interest/the-berkshire-edge,https://www.allsides.com/news-source/berkshire-edge-media-bias,RIGHT-CENTER,MOSTLY FACTUAL,Canada,,Organization/Foundation,Minimal Traffic,MEDIUM CREDIBILITY,Center,,,,Center,Unknown,Yes,Canada,1,,,
thecjn,,,not found,,,,"thecjn, Canadian Jewish News, thecjn.ca, The Canadian Jewish News, The CJN",https://thecjn.ca  ,https://mediabiasfactcheck.com/canadian-jewish-news-cjn/,https://ground.news/interest/the-canadian-jewish-news,not found,RIGHT-CENTER,MOSTLY FACTUAL,Canada,,Organization/Foundation,Minimal Traffic,MEDIUM CREDIBILITY,,,,,Lean Right,High,Yes,Canada,1,,,
WBRZ,,,not found,,,,"wbrz, WBRZ News 2, wbrz.com, WBRZ-TV (Baton Rouge)",https://www.wbrz.com  ,not found,https://ground.news/interest/wbrz,not found,,,,,,,,,,,,Unknown,Unknown,Yes,USA,2,,,
/film,,,not found,,,,"/film, Slashfilm, slashfilm, Slash Film, slashfilm.com",https://www.slashfilm.com,not found,,not found,,,,,,,,,,,,,,No,UK,1,,,
thefridaytimes,,,not found,,,,"thefridaytimes, The Friday Times (Pakistan), thefridaytimes.com, The Friday Times",https://www.thefridaytimes.com  ,not found,https://ground.news/interest/the-friday-times,not found,,,,,,,,,,,,Unknown,Unknown,Yes,Pakistan,1,,,
Android Central,,,not found,,,,"android central, AndroidCentral, androidcentral.com, Androidcentral  ",https://www.androidcentral.com  ,not found,https://ground.news/interest/android-central,not found,,,,,,,,,,,,Unknown,Unknown,Yes,USA,1,,,
Crooks And Liars,-21.1,Ad Fontes Media,https://adfontesmedia.com/crooks-and-liars-bias-and-reliability/,Left,Problematic,21.53,"Crooks and Liars, crooksandliars.com",https://crooksandliars.com,https://mediabiasfactcheck.com/crooks-and-liars/,,not found,LEFT,MOSTLY FACTUAL,USA,,Website,Minimal Traffic,HIGH CREDIBILITY,,,,,,,Yes,USA,1,,,
thekabultimes,,,not found,,,,"thekabultimes, Kabul Times, thekabultimes.gov.af, The Kabul Times",https://thekabultimes.gov.af  ,not found,,not found,,,,,,,,,,,,,,No,Afghanistan,1,,,
thenassauguardian,,,not found,,,,"thenassauguardian, The Nassau Guardian, thenassauguardian.com  ",https://thenassauguardian.com  ,not found,https://ground.news/interest/the-nassau-guardian,not found,,,,,,,,,,,,Unknown,Unknown,Yes,Nassau,1,,,
dexerto,,,not found,,,,"Dexerto, dexerto.com",https://www.dexerto.com  ,not found,https://ground.news/interest/dexertocom-esports-and-gaming,not found,,,,,,,,,,,,Unknown,Unknown,Yes,UK,1,,,
theolivepress,,,not found,,,,"theolivepress, The Olive Press, theolivepress.es  ",https://www.theolivepress.es  ,not found,https://ground.news/interest/olive-press-news-spain,not found,,,,,,,,,,,,Unknown,Unknown,Yes,Spain,1,,,
therecord,,,not found,,,,"therecord, The Record, Record, therecord.com, Waterloo Region Record",https://www.therecord.com  ,https://mediabiasfactcheck.com/waterloo-record-bias/,https://ground.news/interest/the-record_f75e0a,not found,LEFT-CENTER,HIGH,Canada,,Newspaper,Medium Traffic,HIGH CREDIBILITY,,,,,Lean Left,High,Yes,Canada,1,Lean Left,,
thescottishsun,,,not found,,,,"thescottishsun, The Scottish Sun, Scottish Sun, thescottishsun.co.uk  ",https://www.thescottishsun.co.uk  ,not found,https://ground.news/interest/the-scottish-sun,not found,,,,,,,,,,,,Lean Right,High,Yes,Scotland,2,Lean Right,,
thestar,,,not found,,,,"thestar, The Star, Star, Toronto Star, thestar.com",https://www.thestar.com  ,https://mediabiasfactcheck.com/toronto-star/,https://ground.news/interest/the-toronto-star,https://www.allsides.com/news-source/toronto-star,LEFT-CENTER (-4.0),HIGH (1.0),Canada,,Newspaper,High Traffic,HIGH CREDIBILITY,Center,Toronto Star Newspapers Limited,1892,,Lean Left,High,Yes,Canada,1,Lean Left,,
thestatesman,,,not found,,,,"thestatesman, The Statesman, Statesman, thestatesman.com",https://www.thestatesman.com  ,not found,https://ground.news/interest/the-statesman_fb6331,not found,,,,,,,,,,,,Center,High,Yes,India,1,Center,,
financialcontent,,,not found,,,,"Financial Content, financialcontent.com, TalkMarkets",https://www.financialcontent.com  ,not found,,not found,,,,,,,,,,,,,,No,USA,1,,,
thesun_ie,,,not found,,,,"thesun_ie, The Sun Ireland, Sun Ireland, thesun.ie  ",https://www.thesun.ie  ,https://mediabiasfactcheck.com/irish-sun-bias-and-credibility/,https://ground.news/interest/irish-sun,not found,RIGHT (6.6),MIXED (5.9),Ireland,EXCELLENT,Newspaper,High Traffic,MEDIUM CREDIBILITY,,,,,,,Yes,Ireland,0,,,
thesun_my,,,not found,,,,"thesun_my, The Sun Malaysia, Sun Malaysia, thesundaily.my, The Sun (Malaysia)",https://www.thesundaily.my  ,not found,https://ground.news/interest/the-sun-daily,not found,,,,,,,,,,,,Unknown,Unknown,Yes,Malaysia,2,,,
GameSpot,,,not found,,,,"Game Spot, gamespot.com, GameSpot",https://www.gamespot.com  ,not found,https://ground.news/interest/gamespot,not found,,,,,,,,,,,,Unknown,Unknown,Yes,USA,1,,,
theweek_in,,,not found,,,,"theweek_in, The Week India, Week India, theweek.in, The Week (India)",https://www.theweek.in  ,not found,,not found,,,,,,,,,,,,,,No,India,5,,,
timescolonist,,,not found,,,,"timescolonist, Times Colonist, timescolonist.com  ",https://www.timescolonist.com  ,https://mediabiasfactcheck.com/times-colonist/,,not found,LEFT-CENTER (-2.1),HIGH (1.0),Canada,,Newspaper,Medium Traffic,HIGH CREDIBILITY,,,,,,,Yes,Canada,2,Lean Left,,
gcaptain.com,,,not found,,,,"Gcaptain, gcaptain.com, gCaptain",https://gcaptain.com  ,not found,,not found,,,,,,,,,,,,,,No,USA,1,,,
timesnownews,,,not found,,,,"timesnownews, Times Now, timesnownews.com  ",https://www.timesnownews.com  ,https://mediabiasfactcheck.com/time-now-news-bias/,,not found,RIGHT (6.0),MIXED (4.9),India,0,TV Station,High Traffic,MEDIUM CREDIBILITY,,,,,,,Yes,India,1,Right,,
tnp,,,not found,,,,"tnp, The New Paper, New Paper, tnp.straitstimes.com, The New Paper (Singapore), the new paper singapore",https://tnp.straitstimes.com  ,not found,https://ground.news/interest/the-new-paper,not found,,,,,,,,,,,,Unknown,Unknown,Yes,Singapore,1,,,
toi,,,not found,,,,"toi, The Times of India, Times of India, TOI, timesofindia.indiatimes.com  ",https://timesofindia.indiatimes.com  ,https://mediabiasfactcheck.com/times-of-india/,https://ground.news/interest/times-of-india,not found,RIGHT-CENTER (2.9),MIXED (5.1),India,,Newspaper,High Traffic,MEDIUM CREDIBILITY,,,,,Lean Right,Mixed,Yes,India,2,Lean Right,,
tribune_pk,,,not found,,,,"tribune_pk, The Express Tribune, Express Tribune, Tribune Pakistan, tribune.com.pk  ",https://tribune.com.pk  ,https://mediabiasfactcheck.com/the-express-tribune/,https://ground.news/interest/the-express-tribune,not found,LEAST BIASED (-0.5),MOSTLY FACTUAL (2.1),Pakistan,,Newspaper,High Traffic,MEDIUM CREDIBILITY,,,,,Center,Mixed,Yes,Pakistan,1,Center,,
guitarplayer,,,not found,,,,"Guitar Player, guitarplayer.com, GuitarPlayer",https://www.guitarplayer.com  ,not found,,not found,,,,,,,,,,,,,,No,UK,1,,,
Hypebeast,,,not found,,,,"hypebeast, HYPEBEAST, hypebeast.com, hype beast",https://hypebeast.com,not found,https://ground.news/interest/hypebeast,not found,,,,,,,,,,,,Unknown,Unknown,Yes,USA,1,,,
jerseyeveningpost,,,not found,,,,"Jersey Evening Post, the Jersey Evening Post, jerseyeveningpost.com, Jersey Evening Post",https://www.jerseyeveningpost.com  ,not found,https://ground.news/interest/jersey-evening-post,not found,,,,,,,,,,,,Unknown,Unknown,Yes,UK,1,,,
Meer.com,,,not found,,,,"meer.com, MEER  ",https://www.theolivepress.es (for MEER)  ,not found,https://ground.news/interest/olive-press-news-spain,not found,,,,,,,,,,,,Unknown,Unknown,Yes,USA,1,,,
New York Sun,12.84,Ad Fontes Media,https://adfontesmedia.com/new-york-sun-bias-and-reliability/,Right,Mixed,31.5,"	The New York Sun, nysun.com, nysun",https://www.nysun.com  ,https://mediabiasfactcheck.com/new-york-sun/,,https://www.allsides.com/news-source/new-york-sun-media-bias,RIGHT (6.0),HIGH (1.8),USA,,Website,Medium Traffic,HIGH CREDIBILITY,Right,,,,,,Yes,USA,1,,,
urdupoint,,,not found,,,,"urdupoint, Urdu Point, urdupoint.com  ",https://www.urdupoint.com  ,https://mediabiasfactcheck.com/urdupoint-bias/,https://ground.news/interest/urdupoint,not found,RIGHT-CENTER,MIXED,Pakistan,,Website,High Traffic,LOW CREDIBILITY,,,,,Lean Right,Mixed,Yes,Pakistan,1,Lean Right,,
newlinesinstitute,,,not found,,,,"	New Lines Institute for Strategy and Policy",https://newlinesinstitute.org  ,https://mediabiasfactcheck.com/new-lines-institute/,,not found,,,,,,,,,,,,,,No,UK,1,,,
newshd24,,,not found,,,,"News HD 24, newshd24, 24 News HD",https://newshd24.com  ,not found,https://ground.news/interest/24-news-hd,not found,,,,,,,,,,,,Unknown,Unknown,Yes,UK,1,,,
Smithsonian Magazine,-4.03,Ad Fontes Media,https://adfontesmedia.com/smithsonian-magazine-bias-and-reliability/,Left,Reliable,45.3,"smithsonian magazine, Smithsonian, smithsonianmag.com, smithsonianmag",https://www.smithsonianmag.com  ,not found,,https://www.allsides.com/news-source/smithsonian-magazine-media-bias,,,,,,,,Center,,,,,,Yes,USA,1,,,
ttownmedia,,,not found,,,,"ttownmedia, T-Town Media, ttownmedia.com, Tracy Press (Turlock Media), tracy press",https://www.ttownmedia.com  ,not found,,https://www.allsides.com/news-source/tracy-press-media-bias,,,,,,,,Not Rated,,,,,,Yes,USA,1,,,
Washington Post,-7.17,Ad Fontes Media,https://adfontesmedia.com/washington-post-bias-and-reliability/,Skews Left,Reliable,38.7,"washington post, The Washington Post, Washington Post, WaPo, washingtonpost.com, washingtonpost",https://www.washingtonpost.com  ,https://mediabiasfactcheck.com/washington-post/,https://ground.news/interest/the-washington-post,https://www.allsides.com/news-source/washington-post,LEFT-CENTER (-3.6),MOSTLY FACTUAL (2.1),USA,,Newspaper,High Traffic,HIGH CREDIBILITY,Lean Left,Nash Holdings,1877,-1.63,Lean Left,High,Yes,USA,1,,,
Workos.com,,,not found,,,,"workos.com, WorkOS, workos.com, WorkOS Blog",https://workos.com  ,not found,,not found,,,,,,,,,,,,,,No,USA,1,,,
watoday,,,not found,,,,"watoday, WA Today, watoday.com.au  ",https://www.watoday.com.au  ,not found,https://ground.news/interest/wa-today,not found,,,,,,,,,,,,Center,High,Yes,Australia,1,Center,,
Yanko Design,,,not found,,,,"yanko design, YankoDesign, yankodesign.com, yanko design magazine",https://www.yankodesign.com,not found,,not found,,,,,,,,,,,,,,No,USA,1,,,
expresscouk,,,not found,,,,"The Express, Express, express.co.uk, Daily Express",https://www.express.co.uk  ,https://mediabiasfactcheck.com/daily-express/,,https://www.allsides.com/news-source/daily-express-media-bias,RIGHT (6.3),MIXED (5.5),United Kingdom,MOSTLY FREE,Newspaper,High Traffic,MEDIUM CREDIBILITY,Lean Right,,1900,,,,Yes,United Kingdom,0,,,
necn,,,not found,,,,"necn, New England Cable News, necn.com  ",https://www.necn.com  ,https://mediabiasfactcheck.com/new-england-cable-news-necn/,,https://www.allsides.com/news-source/necn-media-bias,LEAST BIASED,HIGH,USA,0,TV Station,Medium Traffic,HIGH CREDIBILITY,Lean Right,,,,,,Yes,USA,0,,,
standarduk,,,not found,,,,"standarduk, The Standard, Evening Standard UK, standard.co.uk  ",https://www.standard.co.uk  ,https://mediabiasfactcheck.com/evening-standard/,,https://www.allsides.com/news-source/london-evening-standard-media-bias,LEAST BIASED (1.5),HIGH (1.0),USA,,Newspaper,Minimal Traffic,HIGH CREDIBILITY,Center,,,,,,Yes,USA,0,,,
The Daily Caller,12.74,Ad Fontes Media,https://adfontesmedia.com/daily-caller-bias-and-reliability/,Right,Reliable,34.43,"the daily caller, DailyCaller, dailycaller.com  ",https://dailycaller.com  ,not found,https://ground.news/interest/daily-caller,https://www.allsides.com/news-source/the-daily-caller,,,,,,,,,,,,,,Yes,USA,0,,,
The Mirror,-3.41,Ad Fontes Media,https://adfontesmedia.com/mirror-bias-and-reliability/,Skews Left,Skews Left,26.88,"the mirror, The Daily Mirror, Mirror UK, mirror.co.uk  ",https://www.mirror.co.uk  ,https://mediabiasfactcheck.com/daily-mirror/,https://ground.news/interest/daily-mirror,https://www.allsides.com/news-source/mirror-media-bias,LEFT-CENTER (-4.8),MIXED (6.0),United Kingdom,MOSTLY FREE,Newspaper,High Traffic,MEDIUM CREDIBILITY,Left,,,,Lean Left,Mixed,Yes,United Kingdom,0,,,
theepochtimes,9.99,Ad Fontes Media,https://adfontesmedia.com/epoch-times-bias-and-reliability/,Skews Right,Reliable,34.2,"theepochtimes, Epoch Times, theepochtimes.com  ",https://www.theepochtimes.com  ,https://mediabiasfactcheck.com/epoch-times/,https://ground.news/interest/epoch-times,https://www.allsides.com/news-source/epoch-times-media-bias,,,,,,,,Lean Right,Epoch Media Group,2000,1,,,Yes,USA,0,,,
theintercept,-14.02,Ad Fontes Media,https://adfontesmedia.com/intercept-bias-and-reliability/,Left,Reliable,37.39,"theintercept, TheIntercept.com, Intercept  ",https://theintercept.com  ,https://mediabiasfactcheck.com/the-intercept/,https://ground.news/interest/the-intercept,https://www.allsides.com/news-source/intercept,LEFT (-6.8),MOSTLY FACTUAL (2.4),USA,MOSTLY FREE,Website,High Traffic,HIGH CREDIBILITY,Left,"First Look Media, Pierre Omidyar",2014,-3.6,Left,High,Yes,USA,0,,,
Week,-10.69,Ad Fontes Media,https://adfontesmedia.com/week-bias-and-reliability/,Skews Left,Reliable,38.39,"week, The Week, Week Magazine, theweek.com  ",https://www.theweek.com  ,https://mediabiasfactcheck.com/the-week/,https://ground.news/interest/0ca3c5be-17c0-46d7-964a-0c457b2cb38c,https://www.allsides.com/news-source/the-week-bias,LEFT (-6.2),HIGH (1.7),USA,MOSTLY FREE,Website,High Traffic,HIGH CREDIBILITY,Lean Left,Dennis Publishing,1995,-2,Lean Left,High,Yes,USA,0,,,
zawya,,,not found,,,,"zawya, Zawya.com, Zawya (Middle East business & finance)  ",https://www.zawya.com  ,not found,https://ground.news/interest/zawyacom,not found,,,,,,,,,,,,Unknown,Unknown,Yes,Middle East,1,,,
zeenews,,,not found,,,,"zeenews, Zee News, ZeeNews.com, Indian news channel  ",https://zeenews.india.com  ,https://mediabiasfactcheck.com/india-com/,,not found,RIGHT-CENTER,MOSTLY FACTUAL,India,,Website,High Traffic,HIGH CREDIBILITY,,,,,,,Yes,India,1,Lean Right,,
Zerohedge,16.57,Ad Fontes Media,https://adfontesmedia.com/zerohedge-bias-and-reliability/,Right,Problematic,20.7,"zerohedge, ZeroHedge, zerohedge.com, Zero Hedge",https://www.zerohedge.com  ,https://mediabiasfactcheck.com/zero-hedge/,https://ground.news/interest/zero-hedge,https://www.allsides.com/news-source/zerohedge-media-bias,RIGHT CONSPIRACY/PSEUDOSCIENCE (8.1),LOW (8.0),Bulgaria,,Website,High Traffic,LOW CREDIBILITY,Lean Right,ABC Media Ltd.,,2.33,Right,Low,Yes,Bulgaria,2,Right,,